,MGP,SCGB2A2,PIP,MUCL1,GSTP1,HLA-DRA,CD74,APOD,TFF3,IFITM2,LDHB,SLPI,PPP1R1B,RN7SL56P,PPP1R14C,S100P,TFF1,AGR2,SEPP1,TM4SF1,group
BC01_02,0.0,0.0,0.0,0.0,0.0,0.40546510799999996,0.0,0.0,3.783734985,3.7556030860000003,7.585372491,6.175139355,0.0,0.0,0.0,0.0,5.682013916,0.0,5.795419249,1.137833002,0.0
BC01_03,0.0,3.9500892060000004,0.0,0.0,0.0,0.29266961399999997,0.536493371,0.0,1.022450928,1.846878768,7.354055182000001,3.921973336,0.0,0.0,0.0,0.0,4.5144793210000005,1.226712291,4.357862008,0.488580015,0.0
BC01_04,0.0,0.0,0.0,0.0,0.6729444729999999,0.0,0.0,0.0,1.247032294,0.0,6.708108504,1.589235205,0.0,5.319295773,0.0,0.0,0.91228271,0.90825856,0.0,1.026041596,0.0
BC01_05,0.0,0.0,0.0,0.0,1.1537315879999999,0.0,0.0,0.0,2.598979106,4.08933202,6.896876317,4.568609931,0.0,0.0,0.207014169,0.0,4.34133484,0.0,4.357990057,2.858766418,0.0
BC01_06,0.0,0.0,0.0,0.0,0.631271777,0.0,0.703097511,0.0,0.0,0.0,6.396579593999999,5.110540959,0.0,5.985873949,0.0,0.0,0.0,5.676890779,3.610377226,1.0331844829999999,0.0
BC01_08,0.0,0.0,0.0,0.0,0.693147181,0.322083499,4.158570535,0.0,0.0,0.0,6.747199127999999,3.7644506410000003,0.0,0.0,0.0,0.0,0.0,5.070914758,5.061645215,0.40546510799999996,0.0
BC01_10,0.0,0.0,0.0,0.0,0.0,0.0,0.0,0.0,8.554392632,5.179364897,6.198458391,5.406857821,0.0,0.0,0.0,0.0,10.88995376,7.957219339,5.935978264,6.766306915,0.0
BC01_12,0.0,0.0,0.0,0.0,0.0,0.22314355100000002,0.609765572,0.0,5.266929893,5.732726201,6.951274432999999,5.347869145,0.0,2.366498419,0.0,0.0,9.104823177,7.795831703999999,5.752953519,8.077431626000001,0.0
BC01_33,0.0,0.0,0.0,0.0,0.0,0.22314355100000002,1.808288771,0.0,6.0144483829999995,5.6887365160000005,6.961362394,5.281171208,0.0,4.101651137,4.057853454,4.046204187,7.783536467999999,7.232234457000001,4.158726821,7.689393991,0.0
BC01_34,0.0,0.0,0.0,0.0,0.0,0.0,0.0,0.0,8.800303831,4.615417502,7.129121251,1.5871923030000001,0.0,0.0,0.0,0.0,9.576512178,8.288139711,5.452067966,5.8950637729999995,0.0
BC01_53,0.0,0.0,0.0,0.0,0.0,0.343589704,1.220829921,0.0,0.0,0.0,7.119174367,5.426006728,0.0,0.0,0.0,0.0,7.03325072,0.0,6.325898995,3.338257582,0.0
BC01_55,0.0,0.0,0.0,0.0,1.3029127520000001,0.0,0.837247525,0.0,4.146778872,0.0,6.690382543999999,4.702750514,0.0,0.0,0.0,0.0,6.307278433,3.448398983,3.19703913,1.026041596,0.0
BC01_57,0.0,0.0,0.0,4.469121342,0.0,1.497388409,1.678963975,0.0,6.972521899,5.2833560010000005,6.662787809,0.0,0.0,0.0,0.0,0.0,9.854095607,3.798854307,6.239924906000001,8.368939093,0.0
BC01_66,0.0,0.0,0.0,0.0,1.2412685890000001,0.0,0.0,0.0,0.0,0.0,7.620072534,4.561740628,0.0,4.734178867,0.0,0.0,0.0,1.040276712,5.281628885,0.0,0.0
BC01_69,0.0,0.0,0.0,0.0,0.0,0.0,0.39204208799999996,0.0,0.0,0.0,6.990238084,0.0,0.0,5.191678256,0.0,0.0,0.88376754,3.496507561,3.933980173,0.463734016,0.0
BC01_70,0.0,0.0,0.0,0.0,1.0715836159999999,0.0,0.0,0.0,8.539398812,4.559440334,7.009977877000001,2.066862759,0.0,0.0,0.0,0.0,9.399211268,7.868139447999999,5.891809943999999,6.8876444039999996,0.0
BC01_72,0.0,0.0,0.0,2.6720775409999997,0.797507196,0.0,0.0,0.0,0.0,0.722705983,7.172455275,4.940355881,0.0,0.0,0.207014169,0.0,2.5225235130000003,0.0,4.444884056,1.345472367,0.0
BC01_77,0.0,0.0,0.0,0.0,0.732367894,0.0,3.4229588730000002,0.0,0.0,4.411342689,6.958400864,4.788074906,0.0,0.0,0.182321557,0.0,5.823134649,3.203559121,6.312968167999999,0.678033543,0.0
BC01_87,0.0,0.0,0.0,0.0,0.620576488,0.0,0.6729444729999999,0.0,0.0,1.004301609,6.873184537999999,2.193885676,0.0,0.0,0.0,0.463734016,4.492449316,2.894253105,6.063971238,1.888583654,0.0
BC01_95,0.0,0.0,0.0,0.0,0.717839793,0.0,0.0,0.0,1.8931119630000002,0.0,7.278276912999999,5.033895988,0.0,0.0,0.0,0.0,2.945491057,3.95162826,5.684191825,0.9439058990000001,0.0
BC04_01,0.0,0.0,0.0,3.975373321,6.154475855,7.316847136,6.848917809,0.0,7.169942605,0.0,6.586033714,0.0,5.147203737,5.834489047999999,0.0,5.238938843,2.323367632,4.812915795,1.754403683,6.467186172000001,0.0
BC04_02,0.0,0.0,0.0,0.0,0.732367894,7.075233889,5.983306359,0.0,3.5094537000000003,0.0,3.0502204589999997,5.681979849,4.559440334,0.0,0.867100488,5.324764537,2.382320061,6.201299936,2.372111156,4.602366259,0.0
BC04_07,0.9593502209999999,0.0,0.0,5.288519524,7.000571442,6.60154257,4.76609785,0.0,8.512250998999999,4.247637732,5.97013876,5.0344820210000005,6.086774727000001,4.53249196,4.629277261,6.237894845,0.0,7.118356502999999,0.0,4.7541934569999995,0.0
BC04_09,0.0,0.0,0.0,3.3541057739999998,1.16315081,6.604404422999999,7.661814099,0.0,7.161365957999999,4.930075786000001,6.033302026,6.5169767929999995,5.283406754,4.792893792,5.066637484,6.1653338170000005,3.0754672419999998,5.632465476,0.688134639,6.425371329,0.0
BC04_11,0.0,0.0,0.0,1.6409365790000001,0.641853886,0.6729444729999999,0.688134639,0.0,5.009901692,0.0,0.0,5.625027826,2.943912525,0.0,2.914522218,5.607601916,0.0,5.31502698,0.0,6.388157962999999,0.0
BC04_13,0.0,0.0,0.0,2.406945108,4.9382796319999995,6.79651082,6.312605573,0.0,5.445918071,4.376134308999999,7.360364753,3.851635855,7.062953981000001,4.446408894,5.193290129,5.130135373,0.0,5.22224593,1.7227665980000002,5.927432564,0.0
BC04_14,1.280933845,0.0,0.0,5.06594385,4.611649152,6.108580694,2.240709689,0.0,3.185939325,1.406096988,1.752672081,0.887891257,4.3606753089999994,3.0731561710000004,3.7143035060000003,3.203965212,0.0,3.174714929,0.0,3.080073422,0.0
BC04_16,0.824175443,0.0,0.0,5.282848336,0.667829373,5.985572221,6.204699167,0.0,6.601433902,2.855895328,7.105827146,0.0,6.255308486000001,0.0,6.308571917999999,6.483596528,0.0,5.758744032999999,0.0,3.887730313,0.0
BC04_20,5.3574820999999995,0.0,0.0,2.693951277,6.383743093,8.266303244,7.989275663,0.0,5.742778803999999,0.0,6.763700134,4.971339911,2.901421594,5.257547454,4.968145242,5.887075781,4.906533245,6.7024148079999994,3.5016458530000003,8.147684822,0.0
BC04_22,0.0,0.0,0.0,0.0,0.0,4.873210618,2.787477335,0.0,5.4161004020000005,0.559615788,3.376904689,5.541224328999999,4.521244951,0.0,0.343589704,6.0188608189999995,0.0,6.682233902999999,0.0,6.061550155,0.0
BC04_23,2.557227311,0.0,0.0,3.288401888,5.477676205,5.7233890039999995,6.155961519,2.669309373,7.939326362,0.0,6.976441437,5.2990171219999995,6.537024875,0.0,1.808288771,6.565025505,4.03653888,6.765373407999999,3.321071337,5.331316845,0.0
BC04_24,4.492673155,0.0,0.0,0.0,6.347651872,3.288774952,4.845210185,4.082777926,8.130556707,3.952204795,6.504707247000001,3.4118075610000003,6.291643211,0.0,2.197224577,6.765223504,0.0,6.637074527999999,2.3437270359999998,7.34561013,0.0
BC04_27,3.478467017,0.996948635,0.0,0.0,5.605029709,5.9302803939999995,6.128875903,0.0,7.509631112999999,0.0,5.873440857,5.592664677,5.57070812,3.886089623,0.207014169,6.143842228,0.90016135,5.6416942820000004,1.9459101490000001,6.401237032,0.0
BC04_28,1.6253112619999999,0.0,0.0,5.478302864,0.0,5.271151698,4.378520495,0.0,6.534849322,0.75612198,5.794293277,4.1799104510000005,3.4075107439999996,0.0,0.0,5.077171818,1.8000582719999998,5.833201255,3.705736571,2.164471791,0.0
BC04_29,6.712895445,0.0,0.0,0.0,4.682871694,7.3218761510000006,6.949156306,2.306577114,7.218653263999999,0.0,6.289066009,6.509514016000001,5.237292665,0.0,3.487680842,6.587949384,2.615203651,5.385457902000001,0.0,6.686197969,0.0
BC04_30,0.0,0.0,0.0,5.938775542,0.0,5.617752434,4.109889774,0.0,6.300712397000001,0.824175443,6.412425637,0.0,3.4949912610000005,0.0,5.604367214,3.521643535,0.0,4.924132878,0.0,6.0935020479999995,0.0
BC04_31,5.361151311,0.0,0.0,2.9846713260000004,0.0,2.855895328,4.683519152,0.0,7.235460627,0.0,5.628555928,6.502280171000001,6.5783480260000005,0.0,0.0,7.406303847,1.6174060819999998,7.513076205,0.0,5.3492005769999995,0.0
BC04_32,0.0,1.050821625,0.0,0.0,5.926659324,6.073436162,6.629891515,0.0,8.592456496,0.0,7.277717554,5.647212122999999,5.089939267,0.0,3.3741687089999997,5.971822907000001,4.411099882,7.764678099,0.837247525,7.250394177,0.0
BC04_33,0.0,0.0,0.0,0.0,5.014627315,7.536993074,7.6590204129999995,0.0,6.732174949,5.4640436470000004,5.576668541,5.5246558089999995,4.706462437,4.888542987,5.563715486,5.685788211,0.0,6.799891633,0.0,6.935915045,0.0
BC04_36,0.0,0.0,0.0,0.0,2.97603964,3.5951180739999997,3.3185401480000003,0.0,8.743821862999999,0.0,7.249165305,6.093118201,6.8440270960000005,3.114847754,0.0,7.298384207000001,2.414126468,6.477679805,3.305787197,4.245347436,0.0
BC04_37,4.9122136119999995,0.0,0.0,2.32238772,5.872258625,6.004849567000001,6.3055816160000004,0.0,8.145787423,0.0,6.399775602,6.730695852999999,5.710062712999999,0.0,0.741937345,5.492114493,1.190887565,6.025576077,0.0,4.935049307,0.0
BC04_39,0.0,0.0,0.0,6.649321281000001,3.163785859,6.078284238999999,5.020585625,0.0,6.662838911000001,1.771556762,5.554353961,4.45190245,6.130204227999999,3.4170707310000004,4.129228964,5.212922863999999,3.1081677030000003,6.662762257000001,2.9134370310000004,7.588521126,0.0
BC04_40,5.642048905,0.0,0.0,0.0,0.0,3.4741380060000004,6.051288849,0.0,6.031286041,3.028683374,6.932145407,3.0426158589999996,4.839293241,0.0,0.0,6.752609103999999,2.076938411,6.471944359,1.10856262,4.703657133,0.0
BC04_41,0.0,0.0,0.0,0.0,1.974081026,6.752655816,5.466117327,0.0,6.777817422,0.0,3.53921868,5.936612296,4.999506936,2.337952237,0.0,4.945918979,4.3855205239999995,5.829269095,3.4882920889999998,6.844964563,0.0
BC04_45,3.4487168980000003,0.0,0.0,2.099244169,4.747537427,6.193302742999999,5.1430076819999995,0.0,5.21716154,1.101940079,3.097385927,0.0,4.616011209,3.4170707310000004,0.0,4.718498871,2.5463152780000002,5.362371395,4.034771471,5.745500067999999,0.0
BC04_49,8.594537492,0.0,0.0,7.111520272999999,0.0,5.522380495,4.246636373,3.8325468039999997,8.384804003,0.0,5.194899407,7.909026661,6.517863277999999,2.9982291539999997,4.938494616,5.744732461,0.0,6.139000541000001,0.815364813,7.559006972000001,0.0
BC04_53,6.368598765,0.0,0.0,7.586352115,5.165871098999999,8.45464735,8.057858842,0.559615788,7.412691595,4.042700329,6.3438452839999995,7.119198648999999,6.4865113370000005,0.0,0.0,6.782441457999999,0.0,6.845017802,0.0,6.6780276,0.0
BC04_54,0.0,0.0,0.0,4.59491781,4.109068958,2.48906466,4.7770204430000005,0.0,5.639634987999999,0.9593502209999999,6.014179596,0.0,6.536561154,0.0,2.670002133,5.083017969,4.966265346,4.897914424,0.0,6.02827852,0.0
BC04_56,5.117754263,2.800933195,0.0,0.0,0.0,3.510051787,4.68877577,0.0,5.713501756,0.0,5.401505524,2.766947842,5.807721981,5.85984561,0.48242614899999997,3.811539467,1.061256502,2.252343877,0.0,5.138441998999999,0.0
BC04_58,1.719188776,7.242146781000001,0.0,3.9444901960000003,5.592441147000001,5.732240347,6.120253462000001,0.0,7.970349986,3.029650492,5.665180237,6.144786312000001,6.3019960710000005,0.0,4.741273269,6.510570792,4.425684604,6.882119472,2.158714723,5.939065378,0.0
BC04_59,0.0,4.751346296,0.0,0.0,3.194992884,3.7907589180000003,5.169972501,0.0,6.505380391,3.8828001469999998,5.883573052999999,0.0,6.494358801000001,4.687210896,3.1424266530000002,4.825108606000001,1.425515074,4.5429755819999995,0.0,5.975563798,0.0
BC04_60,5.402452131,3.605769547,0.0,1.979621206,6.3661954960000005,5.554586167999999,5.329767583,0.0,7.942664252999999,0.0,6.74186597,6.532086809,6.803960204,0.0,3.4849255969999997,7.269108264,2.585505848,7.464847886,1.646733697,4.505681287,0.0
BC04_61,0.0,7.1723324779999995,0.0,4.567260613,6.237445332,0.357674444,3.9369107210000003,0.631271777,6.493405822000001,3.0558861960000003,3.501947285,0.0,5.888323787999999,0.0,0.0,5.738441517,0.0,5.836855429,0.0,6.659268278,0.0
BC04_63,1.853168097,0.0,0.0,2.485739636,2.655352412,2.223541886,3.619261387,0.0,7.488629217000001,1.7298840659999999,4.6929978960000005,3.5484672999999995,6.219356805,0.0,0.0,6.485230477999999,0.982078472,5.89280376,2.186051277,6.699315594,0.0
BC04_64,2.5664866369999997,2.768204124,0.0,5.428204627,2.5870118730000002,6.852707577,6.353987359,0.0,8.230619837,2.96217549,7.169881052999999,6.064529117999999,6.688628649,4.904237203,4.86182588,6.498899429,0.0,6.167264887000001,0.0,6.174410909,0.0
BC04_69,0.0,0.0,0.0,3.0315819260000003,1.128171091,0.896088025,3.0184717610000003,0.0,8.200590247000001,3.085572978,5.671293717999999,6.231032477,5.495116942999999,4.319752215,0.0,4.609560534,0.0,4.446174453999999,0.0,6.236839147,0.0
BC04_71,4.393708139,2.582486978,0.0,4.622322245,0.0,5.5849614,4.277360322,0.0,6.777692151,4.408911963,5.737249487000001,5.856417721000001,5.826648864,4.734969624,4.178685711,4.372355015,0.0,6.422434946,0.867100488,7.431690594,0.0
BC04_77,0.0,4.529692045,0.0,3.68210657,4.446174453999999,9.604203099,8.645690183,0.0,6.867620548,4.089834407,5.542713474,0.0,5.579012587999999,0.0,0.378436436,6.144914982,3.38269391,6.200833665,0.0,6.228589896,0.0
BC04_78,6.581290797,0.0,0.0,5.390759802000001,0.0,7.229643107,7.383784467999999,3.909219078,6.466797699,3.865350597,5.3004650589999995,6.049473988,6.888062646,0.0,0.0,6.956497822999999,2.719319793,6.683385977,0.0,6.236252166,0.0
BC04_82,5.330009813,0.0,0.0,5.003677814,3.806217947,5.834489047999999,5.849728157,0.0,5.949209234,1.750937475,5.419693937999999,5.1864356339999995,6.6655435810000006,3.39718936,4.446877607,5.837147187,1.3937663759999999,6.131335179,4.069026753999999,8.212855853999999,0.0
BC04_85,4.064400686,7.72694022,0.0,5.302757495,5.379943435,6.748923661,6.400739057000001,0.0,6.695514575,0.896088025,6.4908600960000005,5.7462351389999995,7.430303919,4.573782713,0.587786665,7.101519452000001,1.8099267730000002,6.691922439,0.0,8.431027275,0.0
BC04_86,0.0,0.0,0.0,0.0,5.663029922000001,1.808288771,3.348499593,0.0,7.825105449,4.036185648,5.710162082,0.0,4.690797272,0.0,5.378652338999999,6.524751027000001,4.5415912039999995,7.446870939,0.0,4.741622308999999,0.0
BC04_88,0.0,0.0,0.0,5.025523907,5.937113952000001,6.770548569,4.95152203,0.0,6.672070918999999,2.721295428,3.428812549,6.422418699,6.41723869,2.459588842,0.270027137,4.745192964,0.0,6.3254694570000005,1.244154594,6.894497785,0.0
BC04_90,1.386294361,0.0,0.0,1.880990603,5.22224593,6.753694595,5.46582135,2.500615943,6.42656936,3.6963514689999997,6.698847418,0.0,4.648133885,0.0,5.369986653,5.71732371,4.772716457,6.224914801000001,0.0,5.287761853,0.0
BC04_91,5.968963282000001,0.0,0.0,0.0,0.0,6.578292418999999,5.368263117,0.0,6.843419404,0.832909123,4.108576144,6.068703327000001,5.523099575,2.7311154739999997,4.118223836,0.0,0.0,1.808288771,0.0,5.069847154,0.0
BC04_92,0.0,0.0,0.0,0.0,4.582924577,4.87756094,4.93820796,0.0,5.543065842000001,4.615021502,3.977061402,0.0,5.3709635570000005,0.0,2.634762405,4.281377227,0.0,4.784988613,1.391281903,5.069658635,0.0
BC04_93,0.0,0.0,0.0,3.2999026639999998,6.462452067,6.188038225,5.980353042000001,0.0,8.729620327000001,0.0,5.739632127999999,5.7828092820000006,6.248255618,1.964311234,1.266947603,6.776780615,3.7369550769999997,7.559293697,3.910822285,6.417516289,0.0
BC07_01,1.5282278569999999,6.044483851,0.0,8.318439768,7.691716182,5.471808382000001,1.4469189830000002,5.091231695,4.339640918,0.0,0.737164066,7.729634227000001,5.464509541,1.444563269,0.0,0.0,0.0,6.331110314,2.742773637,3.3968546319999997,0.0
BC07_06,2.63977136,4.972933427,6.005786497000001,1.589235205,6.67523036,1.948763218,5.151266424,0.0,0.0,5.232764998,0.0,5.077670695,0.0,6.976123956,0.0,6.472516296,0.896088025,5.564558721,0.0,7.828926084,0.0
BC07_08,1.519513205,1.1184149159999999,2.1961128480000003,4.868687631,7.0614973039999995,2.450142657,4.027492255,0.8109302159999999,2.909629575,2.952302716,0.0,1.410986974,4.572646993999999,6.922466536,0.0,7.205130222999999,0.0,3.902578547,0.23901689999999998,2.021547563,0.0
BC07_12,0.604315967,8.508099973,0.0,4.8416642219999995,6.794228174,2.423031246,2.876385516,4.210199815,5.634861029,0.0,2.16791019,5.911094703,5.216402073,7.185750586,0.0,5.658819976,3.935934825,6.215547657,1.366091654,8.805453097000001,0.0
BC07_15,2.348514025,5.068023311,2.4309783080000003,7.757119574,7.05380178,6.33021989,5.893686324,3.5219389989999996,0.0,3.415100287,1.01884732,5.022761474,4.181897459,6.5815125420000005,0.0,6.16318848,0.0,7.069899638,0.0,8.025643913,0.0
BC07_18,1.115141591,3.762594492,0.0,8.311454787999999,6.511997898,2.4932054530000003,4.004237488999999,1.691939134,0.0,0.0,1.91839212,7.4150245870000004,1.821318271,4.354783898,4.4339072569999995,0.0,0.0,5.225424041,4.2622572530000005,6.023447592999999,0.0
BC07_20,2.795450391,0.0,1.824549292,6.023907536,5.983104701,4.282206298999999,4.822778446,4.391853195,0.0,2.071913275,0.0,7.776358837999999,0.854415328,7.507168537,0.8109302159999999,4.271234729,0.0,2.540814282,0.0,5.961726729,0.0
BC07_24,1.684545385,5.267394134,0.0,5.795723347999999,6.272575074,2.817203515,3.11927646,4.246063717,0.0,0.0,0.0,3.84181511,1.373715579,6.652075622999999,0.0,0.0,0.0,2.046401688,0.0,7.445400032999999,0.0
BC07_27,2.327277706,0.0,4.608962984,8.46800925,6.127676717999999,8.848029576,8.108057354,5.339027355,0.0,1.3270750009999999,5.174849453,7.257334105,5.511612582000001,6.125623868,0.0,4.983058526000001,0.0,5.641233085,4.514588808,7.4693576639999995,0.0
BC07_31,2.119863456,0.0,0.0,7.20473648,6.828192456,6.563262967000001,6.330237706,2.638342789,0.0,4.705286977,7.275345435,4.12826278,0.936093359,5.448976243,0.0,3.3860837439999996,0.0,3.8059956010000002,1.5953389880000002,7.008550389,0.0
BC07_35,1.217875709,8.211846684,2.660259537,8.219972437000001,6.1956291320000005,2.032087845,2.951257783,0.5007752879999999,0.0,0.815364813,0.727548607,8.582945351000001,2.0831845280000003,3.656097965,0.0,4.177306083,0.0,7.432909753,4.778787302,5.8346060379999996,0.0
BC07_36,2.692598097,0.0,0.0,1.2753628000000001,4.257030144,2.12704052,2.350422422,0.0,7.295266849,0.0,6.077802781,0.0,3.1986731180000003,5.250701513,0.0,0.0,0.0,5.601565162000001,3.173041289,5.649220687000001,0.0
BC07_38,1.313723668,3.9043939780000003,2.733067964,5.626829432999999,6.34125837,6.735459297999999,6.651145426,0.0,3.0204248860000003,4.740138046,5.9990854339999995,7.038134208,2.9580304060000002,6.106488224,0.0,5.233938833,0.0,3.416414347,0.8109302159999999,5.690832315,0.0
BC07_39,2.05796251,0.0,4.018542849,8.456857028,7.8534688820000005,6.910611197000001,6.504258233,1.791759469,3.922567219,4.597339606999999,6.312152145,7.303116178,2.941276088,6.71489842,0.0,5.0136972680000005,0.0,7.299709525,5.313846168,8.02975852,0.0
BC07_43,2.063058062,9.578265594,5.979670267,5.799032047000001,7.619213779,4.479833695,4.656528478,1.16315081,0.0,4.664853188,1.342864803,6.980736188,0.0,5.846929984,0.0,5.5772739829999995,0.0,7.121688546000001,1.6174060819999998,6.055964005,0.0
BC07_57,0.0,9.077372249,0.0,6.670183134,5.01349786,7.259228718999999,6.629482137,0.0,0.0,5.341759924,3.318902139,6.018252523999999,1.6524974019999998,6.674763392000001,0.0,6.521783927,0.0,5.280306134,0.0,8.613028688,0.0
BC07_59,7.690400326000001,4.258021155,0.0,8.462001783,6.919486202000001,2.362739016,6.43695133,7.074599342000001,3.6866269189999996,0.854415328,3.941581808,7.443488126,2.1412419430000003,0.0,0.0,0.0,0.0,6.471495856000001,6.286351849,1.223775432,0.0
BC07_65,0.0,7.408978951,0.0,8.22300198,7.2982218020000005,1.896119485,2.242835089,4.492225427,5.5159256260000005,0.0,0.0,6.408907632000001,4.75643098,6.41656887,0.0,0.0,0.0,6.685323974,0.7654678420000001,8.573359891,0.0
BC07_66,0.0,0.0,0.0,8.016100052999999,7.311238424,7.073295141,6.975909132000001,0.0,5.0641128680000005,3.736240025,4.173309767,6.957953975,5.008633291000001,5.27110032,2.8231630080000003,0.0,0.0,0.774727168,1.205970807,5.674868463999999,0.0
BC07_67,0.924258902,8.549087129,4.550819591000001,6.862496373,5.119848379,6.086865632,7.109993836,4.80851911,0.0,1.08180517,1.316408234,5.249232159,4.246063717,6.0641572329999995,0.0,6.418658531,0.0,6.935078575,5.916229016,8.202663252,0.0
BC07_72,0.0,0.0,0.0,0.0,6.239729887,6.661726855,1.83736998,0.0,0.0,0.0,2.513656063,0.0,0.0,0.0,0.0,0.0,0.0,0.0,5.290486787,1.272565596,0.0
BC07_73,0.0,0.0,1.4793292269999998,5.4819297570000005,0.806475866,3.683112859,5.663862851,1.105256831,0.0,0.0,1.591273942,4.849292144,0.39877612,7.50201539,0.0,0.0,0.0,5.436861176,2.276241118,3.738859386,0.0
BC07_75,0.652325186,1.7457155309999999,0.0,6.065852837,7.820997368,1.9459101490000001,2.2628042230000003,5.063290993,0.0,0.0,0.678033543,5.10491464,5.027164596,7.161296116,0.0,5.742939083,0.0,0.0,2.3617969530000003,8.114976801000001,0.0
BC07_78,0.0,6.570084324,6.706788984,8.787240176000001,7.152237532000001,1.335001067,2.613739522,7.417646466,0.0,2.360854001,0.553885113,8.425729006000001,6.161270611,5.552920824,0.0,3.670460869,0.0,6.960433114,2.742773637,5.829327897000001,0.0
BC07_87,0.357674444,5.208775518,0.0,8.562610053,5.129957885,6.828733716,7.025164912,0.7701082220000001,0.0,4.578723536,0.0,6.45590586,3.0483247239999995,4.376008562,0.0,0.0,0.0,5.761233438,0.0,5.879079417000001,0.0
BC07_89,0.0,8.804188528,2.54474665,7.81687637,7.711651928999999,4.645832168,5.490465484,5.586574274,2.292534757,4.964521545,3.292126287,6.489174536,3.516607233,5.997048925,0.0,5.249809662,0.0,6.297551211,0.0,4.053175285,0.0
BC07LN_02,0.0,1.141033005,0.0,6.865651213,7.715899395,7.26245327,7.493662401,5.822572411,2.583997552,0.0,3.6923733430000003,4.468433662,4.851639563,6.3873001060000005,0.0,3.924346755,0.0,5.752477396000001,6.160299737000001,6.200874219,0.0
BC07LN_06,1.6351056590000002,1.3711807230000002,0.0,8.797140427,8.041503023999999,6.275402118,6.613182856,7.441420091,2.240709689,5.007630785,5.556712225,5.031287234,4.844974178,5.546270597,0.0,6.25452088,0.0,6.182869723,0.0,6.329845675,0.0
BC07LN_13,0.0,0.0,0.0,9.441870259,8.016182576,7.0291052789999995,7.226085366,6.22356784,5.628951164,6.68250952,5.9106882370000005,6.408825287000001,5.217703663,6.587164266,0.0,4.332442405,5.612507476,5.540871311,4.9069770319999995,6.039849867,0.0
BC07LN_15,5.10800396,3.234355396,5.35010304,9.83227454,6.584763767999999,6.53811088,6.697466252999999,6.696515595,2.642622396,0.0,1.01884732,7.522010756,4.420165032,2.248128907,0.0,5.037991024,0.0,6.6103460510000005,4.137084716,3.809325607,0.0
BC07LN_23,1.190887565,0.0,0.916290732,7.635989641,7.268125387,1.105256831,4.618283825,5.0364329869999995,5.089323238,0.0,6.819623274,4.412677073999999,0.0,6.291161649,0.0,1.795087259,0.0,6.534907398,4.147411283,7.003419941000001,0.0
BC07LN_26,0.0,0.0,0.0,6.977645081,7.773636536000001,1.646733697,1.530394705,6.961561414,3.682609841,0.0,4.26745718,5.298217362,2.881443127,1.60743591,5.091354696000001,4.314684186,0.0,0.548121409,3.350254903,8.602318958,0.0
BC07LN_29,0.0,1.0784095809999998,0.0,9.224077583,8.084183182,1.960094784,1.4374626480000001,6.822219177000001,1.874874376,0.0,5.5710507620000005,3.772531027,6.350344558,0.0,0.0,3.360028105,0.0,4.598145571,2.285438934,7.295558666,0.0
BC07LN_30,1.047318994,0.0,0.0,9.067949276,7.808688688999999,9.514446577000001,9.086108462,6.037154673,5.561834812000001,0.698134722,2.501435952,3.833196225,2.351375257,2.9381031610000004,0.0,0.0,5.20466581,3.06105174,2.700689847,1.0577902940000001,0.0
BC07LN_31,0.0,0.0,6.109780774,7.484851673,6.720955711,8.112659649,8.14641063,5.100597868,0.0,5.206695377,4.279301532,8.021771647000001,1.6524974019999998,7.350387711000001,0.0,6.057626749,0.0,0.0,2.051556338,7.345332561,0.0
BC07LN_34,0.0,1.249901736,0.0,9.313975801,8.195650946,1.894616855,1.768149604,6.858985115,3.86220231,0.0,0.928219303,7.301532347,5.418054047999999,6.771843914,0.29266961399999997,0.0,0.0,0.0,5.932139081,5.852662144,0.0
BC07LN_35,0.9439058990000001,4.399252415,1.1216775620000001,8.902265097999999,6.191851111,2.05284086,2.145931283,5.7132706529999995,3.781458635,1.115141591,4.3162873930000005,7.0299021129999995,3.003700443,6.940396703999999,0.0,5.93935513,4.425205849,6.652540397,3.0832851710000004,7.6859970010000005,0.0
BC07LN_36,0.0,0.0,0.0,9.057426926,7.273612932000001,1.591273942,3.4824701019999997,7.000033595,0.0,2.614471854,0.0,6.482220108,3.9615747839999997,5.024603943,0.0,5.781206372000001,0.0,6.457350335,4.0664593589999996,6.2646546160000005,0.0
BC07LN_40,0.0,0.0,0.0,1.4883995840000002,7.42332961,8.470336357,8.536103264,6.788081707000001,0.0,0.0,6.798007375,5.05675523,0.0,6.1965459560000005,0.0,0.0,0.0,6.381189764,3.3700506530000003,7.746849582,0.0
BC07LN_41,0.0,0.0,0.0,7.518634361,6.53112541,6.883073166,7.471670382999999,5.629453965,0.0,2.803966258,0.0,5.004952511,5.88535375,6.800604272,0.0,6.148404191,0.0,4.023206534,5.243755579,7.746304986,0.0
BC07LN_42,0.703097511,0.0,0.0,7.899554145,7.87022706,1.615419984,1.45395301,5.6449167220000005,0.0,0.0,1.4883995840000002,5.661674932,0.165514438,0.0,0.0,0.0,0.0,0.620576488,5.234098793999999,7.262810912999999,0.0
BC07LN_51,1.637053079,6.688827827000001,5.125391531,8.284635465,7.636091016,7.7383879,7.241602645,5.62880746,0.0,5.2347916660000005,0.31481074,6.599775257,2.931193752,6.6818078,0.0,2.892591515,0.0,4.838501664,0.277631737,7.556271135,0.0
BC07LN_52,1.061256502,0.792992516,5.884575085,6.856240907999999,7.102902567,6.226892337000001,6.0390635260000005,5.9738350570000005,0.0,5.177053279,3.9748099939999997,7.25687576,0.29266961399999997,0.0,0.0,6.02729008,0.0,2.7447035189999998,4.529044796,7.797451491,0.0
BC07LN_57,0.837247525,0.431782416,0.0,6.414212771,7.82951105,7.797743102,8.125610278,6.554147056000001,1.4516138269999999,5.046452787,6.294416933,0.0,1.324418957,6.534689595,0.0,5.400016186,0.0,1.011600912,4.188290175,7.0435266610000005,0.0
BC07LN_60,0.6729444729999999,1.750937475,0.0,5.461753375,7.930504722999999,7.114281524,7.69406488,4.203497876,0.0,4.212127598,0.425267735,6.986677359,5.991514546,1.944480556,0.0,6.315936496,0.0,4.221270856,1.805004696,5.660283289,0.0
BC07LN_73,1.40854497,4.601764393,0.0,7.931661981,5.834430547999999,8.421021441,7.433843829,5.207626501,0.0,2.250238613,5.324277468,0.920282753,0.0,7.5808936110000005,0.0,3.161246712,0.0,3.168424281,1.004301609,4.533566767,0.0
BC07LN_75,0.0,0.0,0.0,7.486103093,7.146299627,8.597450645,8.042934121,1.111857515,1.677096561,5.9270326870000005,5.931077397,5.329040539,0.7466879470000001,7.3918713579999995,0.0,3.383372797,0.0,6.923559728,0.0,7.177744248,0.0
BC07LN_79,0.0,9.234938346,5.97044518,8.674202068,7.130146547000001,2.943912525,2.242835089,6.243972707,0.0,3.013080912,6.218839135,7.097292407,4.507888063,2.490723035,0.0,3.124565145,0.0,0.0,3.017493765,5.979037652000001,0.0
BC07LN_82,0.0,0.0,0.78845736,7.094541853,6.856146145,3.3181780260000004,4.693821884,5.169062531000001,3.072230245,3.7101515889999996,0.678033543,5.708471464,4.583026821,4.1358063519999995,0.0,6.811475628999999,0.0,0.512823626,0.0,0.722705983,0.0
BC07LN_86,0.0,5.417210896,0.0,8.056154061,8.860304767,7.219261294,7.845361219,5.492896821,2.366498419,0.875468737,3.63942657,0.703097511,0.0,6.39123011,0.0,6.688989631,0.0,3.8119816510000004,0.0,7.066304841,0.0
BC07LN_91,0.0,0.0,0.0,5.8949261129999995,6.854396695,7.104029048999999,6.956926322999999,6.585026171,0.0,3.057297629,5.132380839,1.17557333,2.9642416060000003,5.169403866000001,0.0,5.098279804,0.0,2.4965057859999997,5.289680173,8.05743767,0.0
BC07LN_95,0.0,4.417755682,0.0,8.768218022000001,6.450912662,7.379669582000001,7.700851861,4.844029593999999,3.232384175,4.1243886839999995,1.350667183,6.436871262,1.682688374,4.93562435,2.106570209,4.664570529,0.0,5.248338997,2.9470671019999997,7.172769874,0.0
BC03_09,8.237926279,0.732367894,0.0,0.0,1.768149604,1.463255402,1.736951233,6.497483637999999,3.036394255,6.29255014,0.0,0.0,0.0,0.0,0.0,5.327633421,6.106866974,0.0,5.602635293,5.252692188999999,0.0
BC03_11,8.217411547000001,0.0,6.76104022,0.0,6.533498098,2.308567165,1.6331544390000001,7.384095042,3.6485781569999998,5.558525462,1.280933845,0.0,1.011600912,0.0,0.0,6.449838311000001,7.558913117,6.028398995,4.812997033,3.1000922889999996,0.0
BC03_13,9.109907695,0.0,0.0,0.0,0.0,4.50335892,5.749934241,7.310222565,5.517814277,5.2143921319999995,2.378619779,0.0,0.0,0.0,0.0,3.2827891510000002,1.272565596,4.752209929,6.335798655,0.23111172100000002,0.0
BC03_16,7.552982417000001,0.0,0.0,4.715010652,5.173830661,0.329303747,2.402430428,7.202184537999999,5.175414999,0.0,4.867072805,0.0,0.0,5.6344681229999996,0.0,6.286240151,6.994721655,4.6321041869999995,5.804170649,0.0,0.0
BC03_17,9.038152496,6.216087003999999,0.0,0.0,5.106187868999999,6.987905672999999,6.3123154029999995,6.711399704,1.7457155309999999,5.990989433999999,0.792992516,0.0,0.0,5.018801857,0.0,0.0,2.376764491,6.491982226,5.947747742000001,6.1797681760000005,0.0
BC03_19,8.154068924,0.0,0.0,3.17010566,0.0,1.08180517,1.931521412,7.1525820410000005,5.1573872419999995,4.458756168,0.996948635,0.0,0.0,3.272606147,0.0,4.774490931,6.608553779,5.306781445,4.902530275,0.0,0.0
BC03_20,8.871402899,0.0,0.0,0.0,0.0,5.05560866,6.0276035939999995,6.60378121,5.612470956,6.161650262,2.937573359,0.0,0.0,1.990610328,0.0,3.5504790839999996,8.753338256000001,3.714059753,5.15346499,0.0,0.0
BC03_21,9.222875477999999,0.0,0.0,0.0,4.045854353,7.1440677379999995,7.278532319,7.237317985,3.750209709,6.471604134,4.592186258,0.0,0.0,2.9030685889999996,0.0,4.813321919,5.642545165,0.0,6.110069467000001,0.951657876,0.0
BC03_23,8.443391634,0.0,4.023206534,0.0,5.056627898,1.637053079,1.969905655,6.011830741,0.0,4.838264068,0.703097511,0.0,0.470003629,5.859389237,0.0,0.0,5.221274322,0.576613364,6.393306432999999,0.48242614899999997,0.0
BC03_26,8.335465059,0.0,0.0,0.0,0.0,2.269028309,3.415100287,7.467131038,0.0,6.101215411,0.0,0.0,0.0,0.0,0.0,5.484298883999999,7.602635956,4.28936295,6.722629795,0.0,0.0
BC03_29,9.290487997,0.0,0.0,0.0,0.0,4.450969505,4.547964712,5.293656522,6.894832134,2.345644582,0.0,0.0,0.0,0.0,0.0,0.0,9.252566181,5.653681452000001,5.129602813,5.098829305,0.0
BC03_35,9.707151449,0.0,3.109507288,0.0,2.437115986,1.968509981,4.935983584,7.3133737089999995,6.315376085,5.5338241770000005,6.421297012,0.0,0.0,0.0,0.0,2.056684555,8.079370167,0.576613364,4.455393261,0.506817602,0.0
BC03_37,9.138552169,0.0,0.0,0.0,1.00795792,2.0425181880000003,1.193922468,6.934864481,5.86771374,4.041998082,0.6626879729999999,0.0,0.0,0.0,0.0,0.0,2.9967317739999997,3.4442568710000003,6.054697528999999,0.0,0.0
BC03_41,8.300973117,0.0,0.862889955,0.0,0.0,1.7984040119999998,1.40854497,5.142832464,0.760805829,5.498315108,1.105256831,3.8282065189999996,0.553885113,0.0,0.0,6.8883073889999995,6.020367795,5.109575242,6.153604655,0.488580015,0.0
BC03_43,8.565284064,0.0,2.2027647580000003,0.0,0.0,5.225531597,4.72950946,6.864826901,6.596108329,4.609560534,0.31481074,0.0,0.631271777,0.0,0.0,5.0343518210000004,8.00760347,6.161101831,5.839041541,0.0,0.0
BC03LN_05,6.027941114,0.0,7.343445634,0.0,0.0,8.614875102000001,8.554257736,7.630339895,4.02356438,6.159370192000001,0.75612198,0.0,0.0,4.6965636139999996,0.0,5.900910539,2.0028304390000002,6.620393155,5.480388892000001,0.0,0.0
BC03LN_19,7.58457997,0.0,3.2429829,0.0,6.391414475,8.346044189,8.15868514,6.722473345,0.0,5.093504772,6.653598242999999,0.0,0.0,6.0742419739999995,0.0,0.431782416,0.0,5.439599891,5.700309785,0.0,0.0
BC03LN_23,7.091916809,0.0,5.114634884,0.9593502209999999,1.261297871,2.430098413,4.954911145,6.795202292999999,2.246014742,5.077733038,0.0,0.0,0.0,3.827118498,0.0,6.55518618,7.351767797000001,6.083154546,3.9723652339999997,2.173614712,0.0
BC03LN_25,5.50003297,0.0,4.130837199,0.0,1.075002423,3.273742726,4.776262261,6.14057397,0.0,6.294398467000001,5.8184198270000005,0.0,4.80344711,4.551980357,0.0,3.307252935,0.0,5.580710477,4.984565066,0.0,0.0
BC03LN_28,6.22813618,0.0,0.0,0.0,6.52404677,8.516166665,8.119371796,5.668604246,5.390075792,6.912304914,6.68513659,0.0,0.553885113,3.376221396,0.0,0.0,0.727548607,2.574899688,4.623697491000001,1.050821625,0.0
BC03LN_35,9.694221635,0.0,0.0,0.0,5.020915604,7.00834242,8.070255877000001,5.142306625,3.50134433,5.589866951,5.400648297999999,0.0,0.0,5.880672641,0.0,0.0,0.0,0.0,3.91879999,5.279796917,0.0
BC03LN_47,0.0,0.0,0.0,0.0,5.8884900710000005,7.994257874,8.041686448,1.974081026,0.0,5.458478519,4.960043508,0.0,0.0,0.0,0.0,0.0,0.0,4.674229722,4.782395445,0.0,0.0
BC03LN_57,5.249652195,0.0,0.0,0.0,1.523880024,6.801939104,7.796641926,5.482553756000001,0.0,6.084590525,0.741937345,0.0,0.0,5.075548745,0.0,5.775793011,4.005695481,5.341185267,4.060787779,0.760805829,0.0
BC03LN_61,0.0,0.0,0.0,0.0,2.608598122,1.3887912409999998,1.4398351280000001,7.4481474720000005,6.946745196,6.201218861,0.0,0.0,4.839214112,0.0,0.0,0.0,8.089215568,3.867443962,4.522874943,0.0,0.0
BC03LN_89,4.8125095060000005,0.0,0.0,0.0,2.682390454,6.957782773,6.587412264,6.637244925,0.0,6.658973355,0.457424847,0.0,0.0,0.0,0.0,0.0,0.0,0.647103242,4.399866553,0.0,0.0
BC08_06,7.531273672,0.0,0.0,0.0,1.1537315879999999,0.916290732,1.4279160359999998,2.904712875,0.0,0.0,1.432700734,0.0,0.0,0.0,0.0,0.0,0.0,0.0,0.0,0.0,0.0
BC08_08,7.021646306,0.0,0.0,0.0,0.0,0.536493371,0.604315967,0.0,0.0,7.861734782,4.110545942,0.0,0.0,0.0,0.0,2.994231147,0.0,0.0,0.0,0.0,0.0
BC08_22,4.12503541,0.0,0.0,0.0,0.0,0.0,0.0,0.0,0.0,0.0,6.406417833,0.0,0.0,0.0,0.0,7.257601963,0.0,0.0,0.0,0.371563556,0.0
BC08_24,10.43057425,0.0,0.0,0.0,3.171784217,0.0,0.0,5.026311773,0.0,2.941803932,6.797761826,3.202339856,0.0,2.501435952,0.0,3.622472522,0.0,0.0,0.0,7.010790092000001,0.0
BC08_27,11.26957717,0.0,0.0,0.0,0.0,1.313723668,1.141033005,7.508896814,0.0,1.497388409,4.5557698360000005,0.0,0.0,0.0,0.0,0.0,0.0,0.0,0.0,3.280159053,0.0
BC08_33,9.338891006,0.0,0.0,0.0,0.0,0.0,1.0784095809999998,5.422480009,0.0,1.029619417,5.602893429,6.921145232000001,0.0,0.0,0.0,0.0,0.0,0.0,0.0,5.986853935,0.0
BC08_36,8.760244463,0.0,0.0,0.0,6.17088607,0.378436436,0.0,0.0,0.0,1.232560261,6.694029738999999,0.0,0.431782416,0.0,0.0,6.240977353,0.0,0.0,0.0,6.884507123,0.0
BC08_48,7.840973922000001,0.0,0.0,0.0,5.417432847000001,0.518793793,0.0,6.535662082000001,0.0,3.743841012,6.968869193,2.54474665,0.0,0.0,0.0,0.0,0.0,0.0,0.0,6.258988554,0.0
BC08_51,10.50451999,0.0,0.0,0.0,0.0,0.9707789170000001,1.050821625,0.494696242,0.0,0.0,5.9697556039999995,0.0,0.0,0.0,0.0,0.0,0.0,0.0,0.0,4.87504464,0.0
BC08_56,10.79674627,0.0,0.0,0.0,0.0,0.0,0.0,6.172451881000001,0.0,0.0,6.049190855,0.936093359,0.0,0.0,1.289232648,3.9778107460000003,0.0,0.0,0.0,6.224182121,0.0
BC08_59,11.27715629,0.0,0.0,0.0,0.0,0.0,0.887891257,5.849756963,0.0,0.0,4.525693984,5.775482789,0.0,4.366024277,0.0,0.0,0.0,0.0,0.0,7.218704558,0.0
BC08_70,9.814183549,0.0,0.0,0.0,0.0,0.593326845,0.350656872,5.422126652,0.0,0.0,0.0,3.003204288,0.0,0.0,0.0,6.088523197000001,0.0,0.0,0.0,6.866454002999999,0.0
BC08_73,8.952129072,0.0,0.0,0.0,5.478970866,0.0,0.0,0.0,0.0,0.0,7.034995675,0.0,3.015044585,5.5100359,0.0,1.5040773969999999,0.0,0.0,0.0,6.233410225,0.0
BC08_94,10.79518473,0.0,0.0,0.0,0.0,0.470003629,1.10856262,4.498920386,0.0,4.9382796319999995,5.817914409,2.7000180289999998,0.0,6.861700869,0.0,5.440641242000001,0.0,0.0,0.0,7.834400221,0.0
BC08_95,11.80398468,1.211940974,0.0,2.3466019780000003,0.837247525,0.438254931,0.824175443,7.362366044,0.0,1.3686394259999999,6.451670334,3.93456697,2.464703942,3.670715483,4.67226793,4.971339911,0.0,0.0,2.612273246,5.984641322000001,0.0
BC10_09,9.769230182000001,0.0,0.0,0.0,5.917010361,1.249901736,1.859418118,0.0,0.0,0.0,6.271271946000001,0.0,2.100468909,6.629719861,4.887789464,5.941775229,0.0,0.0,0.0,6.689636582,0.0
BC10_16,9.697747306,0.0,0.0,0.0,4.420886706,1.6733512380000002,1.8099267730000002,0.0,0.0,1.5769147209999999,6.513764093,0.0,3.9320216919999997,6.099421689,5.43803583,0.0,0.0,0.0,0.0,6.227701998,0.0
BC10_47,9.704153297000001,0.0,0.0,0.0,6.482617935,0.0,0.0,0.0,0.0,0.463734016,7.118931507,6.889672771,5.831735838999999,0.0,0.0,0.0,0.0,0.0,0.0,7.200521902999999,0.0
BC10_54,10.42794593,0.0,0.0,0.0,7.151603012000001,0.148420005,1.208960346,0.0,0.0,0.0,5.106369626,5.846149716,0.0,0.0,6.104324373,6.956564491,0.0,0.0,0.0,8.18113287,0.0
BC10_58,10.90337798,0.0,0.0,0.0,7.064032267999999,0.620576488,1.1568811970000001,0.0,0.0,0.0,5.641197599,3.6630486939999995,0.0,0.0,5.916498515,4.634049146000001,0.0,0.0,0.0,7.086010245,0.0
BC10_69,10.02817779,0.0,0.0,0.0,3.5931942039999996,1.530394705,1.410986974,0.0,0.0,5.370172804,2.046401688,0.0,4.643428898,3.958142941,2.311544834,0.0,0.0,0.0,2.4765384,4.521788577,0.0
BC10_73,9.962054529,0.0,0.0,0.0,6.618084564,2.0425181880000003,1.754403683,0.0,0.0,0.431782416,5.686500667000001,7.8756132679999995,0.0,6.380410631,6.848291858,5.77622716,0.0,0.0,0.0,6.553463207999999,0.0
BC10_80,10.57262351,0.0,0.0,0.0,6.92002964,0.0,0.0,0.0,0.0,0.871293366,6.959930185,0.44468582100000004,0.0,0.0,6.132660244,0.0,0.0,0.0,0.0,7.089476656,0.0
BC10_81,10.27672557,0.0,0.0,0.0,4.248352375,0.0,0.0,0.0,0.0,0.0,0.0,0.0,5.0011235339999995,0.0,0.0,0.0,0.0,0.0,0.0,4.313881618,0.0
BC10_85,9.35882934,0.0,0.0,0.0,6.37041455,1.040276712,1.7800242130000001,0.0,0.0,0.667829373,0.494696242,7.109201128,0.0,0.0,6.199961357,5.216022124,0.0,0.0,0.0,7.131738478,0.0
BC10_95,10.42128382,0.0,0.0,0.0,6.561186241000001,0.0,0.0,0.0,0.0,0.688134639,6.445481696,6.557261194,0.0,5.228002193,0.0,6.0252135870000005,0.0,0.0,0.0,6.909803181,0.0
BC02_02,9.542996049,0.0,6.172493602,0.0,0.0,0.0,4.820604094,6.9778129170000005,7.052885396000001,6.019614591,0.0,0.0,0.0,2.6817062259999997,0.0,0.0,7.739359202999999,7.29188098,0.0,6.972699968,0.0
BC02_08,10.76483455,4.8806025360000005,4.3773909060000005,0.0,0.0,7.130850829,7.848274125,6.09289234,1.699278616,7.118153958,0.657520003,0.0,0.0,0.0,0.0,0.0,0.0,0.0,2.4406063909999998,0.0,0.0
BC02_09,10.65840999,1.160020917,5.7918544,0.0,1.115141591,3.792563565,7.56466888,0.0,0.0,7.709115402999999,4.537212493,0.0,0.0,0.0,0.0,0.0,0.0,0.0,6.257284372999999,4.207524427,0.0
BC02_10,7.684668994,10.09837771,6.400622827,0.0,0.0,0.0,7.521924185,6.99181146,0.0,7.770974294,0.0,0.0,0.0,0.0,0.0,0.0,0.0,0.0,1.499623046,5.7220152429999995,0.0
BC02_11,6.1780685879999995,0.0,0.0,0.0,0.0,0.48242614899999997,5.171960178,4.49880917,6.739490462000001,7.629975707000001,0.0,0.0,0.0,4.966265346,0.0,0.0,0.0,3.2359295789999996,3.6808472819999998,0.0,0.0
BC02_12,9.19517191,9.391258444,6.636759873,0.0,0.0,6.0750931260000005,7.756024096,6.358310095,5.346726506,7.682477838,0.0,0.0,0.0,0.0,0.0,0.0,0.0,6.897017837999999,4.611748501,3.012589391,0.0
BC02_13,9.314423772,1.2919836820000001,0.0,0.0,0.0,0.524728529,2.6173958330000002,0.0,8.830050199,5.2128139430000004,0.0,0.0,0.0,0.0,0.0,0.0,7.381227883999999,7.850462016,3.75793899,8.422825367,0.0
BC02_14,7.675253616,0.0,7.696080812000001,0.0,0.0,6.244846281,7.6775764220000005,7.888304493,5.111264635,7.923167102000001,0.0,0.982078472,0.0,0.0,0.0,0.0,0.0,4.500142948,4.417393779,0.0,0.0
BC02_15,9.167017336,10.86150873,5.287306974,0.0,0.0,0.0,0.553885113,0.0,8.965740777,7.823982009,0.0,6.46802476,0.0,0.0,0.0,0.0,5.266258943,5.903971236,4.53044664,0.0,0.0
BC02_18,7.4938238020000005,8.673422281,0.0,0.0,0.0,4.749789876,6.76692877,6.081305251,4.105119635,6.514638614,3.946037884,0.0,0.0,0.0,0.0,0.0,0.0,5.8433994789999995,1.5953389880000002,0.0,0.0
BC02_19,9.145767717,3.1917101569999997,5.244441794,0.0,0.0,6.0256485589999995,5.825882106,5.693765807999999,3.4660483539999998,5.670914871,5.5055754089999995,0.0,0.0,6.200407749,0.0,0.0,0.0,5.395852342,5.002804715,0.0,0.0
BC02_22,10.97434162,2.316487998,0.0,0.0,0.0,0.6729444729999999,6.108336056000001,0.378436436,0.0,3.092858984,0.0,2.913979772,0.0,0.0,0.0,0.0,0.0,6.324143885,0.23901689999999998,0.0,0.0
BC02_24,10.49622196,1.264126727,0.0,0.0,0.0,7.218433404,6.642499839,6.9475911870000004,0.576613364,6.223151499,0.463734016,0.0,0.0,0.0,0.0,0.0,0.0,7.046238142999999,5.768820871,0.625938431,0.0
BC02_25,4.44453184,3.887525374,0.0,0.0,0.0,0.44468582100000004,4.425804257,7.23971736,3.407841924,4.67851358,0.0,1.5018527019999999,0.0,0.0,0.0,0.0,6.217962466,4.148359151,0.0,8.508880739,0.0
BC02_26,8.321574822999999,6.989924954,2.80578169,0.0,0.0,3.304686481,5.8533799470000005,5.978657891,6.528162575,7.875400503,0.0,0.0,0.0,0.0,0.0,0.0,0.0,6.200549741000001,3.277899165,0.631271777,0.0
BC02_28,10.73248054,0.0,9.281109132000001,0.0,0.0,6.574029267999999,6.932067331,6.877110487,3.374853406,5.978531272000001,0.8109302159999999,0.0,0.0,0.0,0.0,0.44468582100000004,0.0,7.5525994270000005,4.000949215,6.782271418,0.0
BC02_31,8.938798017,9.682124914,3.290265821,0.0,0.0,0.0,2.8069901489999998,6.776689416,8.250395514,7.402164893999999,0.0,1.098612289,0.0,0.0,0.0,0.0,6.555413789,6.208911906,4.814377072,6.2088314460000005,0.0
BC02_34,8.040427551,7.675388217,3.963286299,0.0,0.0,0.0,3.280159053,0.0,0.0,6.726497157000001,0.0,0.0,0.0,1.905088155,0.0,0.0,0.0,0.0,0.0,0.609765572,0.0
BC02_44,10.08981607,6.807150105,0.0,0.0,0.657520003,5.57583546,5.985647662000001,5.665318807999999,4.144562278,6.104190372000001,5.796057751,0.0,3.3914836889999997,0.0,0.0,0.0,3.1912990569999997,5.638461425,2.8803214219999997,6.856346188,0.0
BC02_47,9.886615517000001,0.806475866,0.0,0.0,0.0,0.26236426399999996,0.0,8.193510815,0.0,6.690991335,0.0,0.0,0.0,0.0,0.0,0.0,0.0,4.873057631,4.190109184,0.343589704,0.0
BC02_50,10.47713557,0.0,0.0,0.0,0.0,0.75612198,5.478052247000001,0.0,3.132446097,6.4438291439999995,0.0,0.0,0.0,0.0,0.0,0.0,0.0,3.6328380630000003,5.467004732,5.2286993,0.0
BC02_51,10.13671608,0.0,0.887891257,0.0,0.0,7.195224829,6.491557783999999,6.56368626,4.946061217,7.42955645,3.186765771,0.0,0.0,0.0,0.0,0.0,3.217274544,5.652454092,3.467921014,7.077396782999999,0.0
BC02_53,8.554475489,0.0,0.0,0.0,0.0,0.425267735,6.274912669,7.840155553,0.0,7.706603917000001,0.703097511,0.0,0.0,6.420043787000001,0.0,0.0,5.005421727,5.741848675,3.94661765,3.541249137,0.0
BC02_54,7.543903445,10.02463293,5.16387127,0.0,0.0,5.123725856,5.608335619,4.99396376,6.520532758,7.451125534,0.0,0.0,0.0,0.0,0.0,0.0,3.592093185,0.0,3.99249639,7.350060063,0.0
BC02_55,8.789193952,0.0,0.0,0.0,0.0,4.551136297,6.987093122999999,5.973606029,7.081254702000001,8.690796857999999,2.897568025,2.05284086,0.0,0.0,0.0,0.0,6.733937462999999,5.376851244,3.020912572,0.0,0.0
BC02_58,4.9356962069999994,8.116673833,0.0,0.0,0.0,7.788223996,7.463185175,6.7249976270000005,7.136944518,8.322415984,4.86190324,3.5219389989999996,0.0,0.0,0.0,0.0,0.0,3.765608987,3.9821086130000003,0.157003749,0.0
BC02_59,2.421256623,9.301415232,0.0,0.0,0.0,0.0,0.0,5.962061482999999,0.0,3.321432413,0.0,0.966983846,0.0,0.0,0.0,0.0,0.0,6.629085804,0.350656872,0.0,0.0
BC02_60,10.20527887,8.746953206,0.0,0.0,6.532669025,7.42427864,7.567671373,4.436633184,2.1306098280000003,6.724000696,4.132763672,0.0,0.0,0.0,0.0,0.0,0.0,4.06834276,3.54731589,0.44468582100000004,0.0
BC02_61,9.735840201,9.3938121,0.0,0.0,0.0,0.0,4.482098188,7.3125801820000005,0.0,6.888368565,0.0,0.0,0.0,4.722063937,0.0,0.0,0.0,7.562914986,0.0,6.1119107,0.0
BC02_62,9.737237554,5.704548848,4.981481077,0.0,0.0,1.695615609,2.4492794719999997,7.9288239570000005,5.055927283,5.395489447999999,0.0,6.213187089,0.0,0.0,0.0,0.0,0.0,2.4406063909999998,3.332918541,0.0,0.0
BC02_63,8.787600409,1.5129270119999998,0.0,0.0,0.0,4.708719062,6.809425545,7.711114687,6.456487041,7.416059727,0.0,5.42292153,0.0,0.0,0.0,0.0,0.0,5.3368647760000005,4.134686442,3.476923092,0.0
BC02_64,9.786095503,0.0,0.0,0.0,0.0,0.488580015,5.728865255,5.657494177999999,0.0,7.086595784,5.779600887999999,5.713501756,0.0,0.0,0.0,0.0,0.0,4.894026568999999,3.781002743,0.0,0.0
BC02_66,6.424431327000001,1.3056264579999999,5.438557455,0.0,0.0,0.0,5.00548874,5.829915735,6.944289695,5.760351826,5.7260982810000005,0.0,0.0,0.0,0.0,0.0,0.0,4.161224091,4.317888034,0.0,0.0
BC02_67,8.086785589,3.1696855810000004,0.0,0.0,0.0,6.611624281,6.93599282,4.9467721,6.797449221,6.733830371,0.0,3.7208625,0.0,6.491921603,0.0,0.0,7.809314026,6.037441232999999,4.049870072,7.1606595539999995,0.0
BC02_68,8.089927161,0.0,4.12147323,0.0,0.0,0.40546510799999996,4.4780184,6.6506024120000005,8.548141318999999,7.297314557000001,0.0,0.0,0.0,0.0,0.0,0.0,5.4571996920000005,7.572852717999999,4.276804998,4.635505386,0.0
BC02_70,10.05891185,1.220829921,0.0,0.0,0.0,7.340660442000001,8.96672622,0.0,5.9569766170000005,7.306665617999999,0.246860078,3.8887543780000002,2.424802726,0.0,0.0,0.0,4.207524427,8.216906682000001,0.0,1.8931119630000002,0.0
BC02_71,10.73056252,4.690705474,0.0,0.0,0.0,7.491355415,8.348907075,5.309850602,5.172754144,7.41454276,3.30981282,0.0,0.0,7.3909774079999995,0.0,0.0,0.0,5.2722300319999995,0.0,0.0,0.0
BC02_73,8.018483867999999,8.695908252999999,5.246602931,5.482761668999999,0.0,3.5901634810000003,3.77505715,4.8743572760000005,3.0120976280000002,6.0361988779999995,5.878743677,0.0,0.0,0.0,0.0,0.0,0.0,0.0,0.0,6.884179542,0.0
BC02_74,9.601162121,5.339603253,7.333715585,5.1610647730000005,0.0,0.0,5.361292166,6.69771303,5.512016459,7.481707803,0.0,6.43651889,0.0,6.465024346,0.0,0.0,0.0,3.8726582819999997,4.053522568,6.856483037,0.0
BC02_75,10.58227259,4.990092393,0.0,0.0,0.0,4.707546253,5.689818767999999,5.463111206000001,0.0,6.904208998,0.0,0.0,0.0,4.551663918,0.0,0.0,0.0,4.57037168,0.0,6.740034608999999,0.0
BC02_76,8.980084085,0.0,0.0,0.0,0.0,4.7168010019999995,7.045088187,0.0,4.983401121,3.5455862839999996,0.0,0.0,0.0,7.23543901,0.0,0.0,0.0,5.2085567589999995,3.394508394,0.207014169,0.0
BC02_79,9.226683099,4.950743737,0.0,0.0,0.0,7.10808046,7.796337655,4.90364382,0.322083499,4.939067682,0.0,0.0,0.0,0.0,0.0,0.0,0.0,7.283798442,6.207019377000001,0.518793793,0.0
BC02_81,10.94279401,1.111857515,0.0,0.0,0.0,7.027296767999999,6.579959295,0.0,6.638122664,7.444172622999999,0.0,5.994160909,0.0,0.0,0.0,0.0,0.0,5.295363007,5.78339432,7.72738532,0.0
BC02_82,10.42700114,10.36487826,6.900992463,0.0,0.0,0.0,4.93050925,6.6709944320000005,6.051736165,6.490450356,0.0,4.383151002,0.0,0.0,0.0,0.0,1.244154594,0.0,4.085471984,0.0,0.0
BC02_83,9.350083183999999,1.355835154,7.779115588,0.0,0.0,7.139533444,6.450217626000001,7.921673504,0.0,7.089576711,0.0,0.0,0.0,0.0,0.0,0.0,5.473194616000001,2.235376343,4.446291681,7.258806439,0.0
BC02_86,10.40048328,3.715034412,5.633073846,0.0,0.0,6.009034291,7.471078472,0.5007752879999999,6.234900802,7.39720608,0.0,0.0,0.0,0.0,0.0,0.0,0.0,3.0267463269999997,5.535797654,0.0,0.0
BC02_88,10.01220338,10.8674032,6.719592697,0.0,0.0,0.828551818,5.515161116,6.938177786000001,0.0,7.418006738,0.0,4.941213759,0.0,0.0,0.0,0.0,6.09928703,3.5516268610000004,2.3466019780000003,0.329303747,0.0
BC02_89,10.25960659,9.520643156,0.936093359,0.0,0.0,5.695010782000001,6.918348967000001,6.6708043429999995,6.140940028999999,7.738488122000001,0.0,0.0,0.0,0.0,0.0,0.0,5.093627494,5.297717186,0.0,0.5007752879999999,0.0
BC02_90,7.832906639,0.0,0.0,0.0,0.0,7.883687561,7.507497963,7.420698659,5.897648251000001,7.1860913129999995,4.702931904,3.600594539,0.0,0.0,0.0,0.0,7.1119443229999995,6.701554878,6.3289898010000005,6.749521274,0.0
BC02_93,8.960241776,9.713326547000001,4.9266012980000005,3.2371085930000003,0.0,5.042198559,4.8803747369999995,6.507949129,7.561464923,8.135317649,1.467874348,0.0,0.0,6.281986334,0.0,0.0,5.6344681229999996,7.02984901,5.598940343,0.31481074,0.0
BC02_94,7.711580313,10.38823785,7.530560464,0.0,0.0,0.0,0.542324291,5.9042167789999995,5.701413003,7.0358054270000006,0.0,0.0,0.0,0.0,0.0,0.0,0.0,0.940007258,3.17847041,0.0,0.0
BC02_95,6.6979720789999995,0.0,0.0,0.0,0.0,0.0,3.357593744,0.0,7.475905968999999,7.86686026,0.879626748,0.0,0.0,4.840479434,0.0,0.0,2.563409711,0.0,0.0,7.192731192999999,0.0
BC02_96,9.845895515,5.398795985,0.0,0.0,0.0,6.901535979,6.72015984,5.492114493,3.658162481,6.774406727000001,0.357674444,0.0,0.0,0.0,0.0,0.0,0.0,7.2342276839999995,2.441477092,0.0,0.0
BC05_01,10.22417188,5.337634229,6.473582007,2.8314470789999997,4.503248196,0.0,0.0,0.0,2.2027647580000003,0.0,0.0,4.949752306000001,7.256664145,0.0,6.703384412999999,0.0,4.087319947,2.890371758,6.198255114,4.260423813,0.0
BC05_02,11.66457456,2.444084655,7.823385793,3.4101571230000003,0.0,3.025776395,0.0,0.0,3.6542880089999996,0.0,0.0,5.412627712999999,6.585026171,5.450351522,6.149279932000001,4.02356438,6.460060937000001,5.614805531,6.44241277,6.881359968,0.0
BC05_04,10.52100695,7.5023851420000005,8.23277512,3.343568269,7.116069416,0.0,1.562346305,0.0,4.170996914,0.0,0.0,0.0,5.719787049,6.966920012,5.9446087610000005,5.002132582,2.5870118730000002,4.0676582969999995,6.220967832,5.0039463060000005,0.0
BC05_07,10.81109671,9.650805118,7.512786837,3.401197382,0.0,4.007333185,1.70837786,4.877103901,0.0,1.4011829740000001,0.0,6.426456094,7.436905968,6.659665645,5.351004689,0.0,0.0,3.91939576,7.4568935110000005,6.473211452999999,0.0
BC05_08,11.2862823,2.9590682889999997,8.591931394,8.477730689,0.0,0.0,0.0,0.0,3.96271612,0.0,0.0,1.376244025,5.81194905,5.7695077910000006,2.3878449369999997,0.0,5.740339387000001,0.0,7.457153329,4.382651439,0.0
BC05_09,10.3202061,7.088876115,6.754557478,2.209372711,4.835249628,5.179815322,3.39718936,0.0,0.0,4.632396172,0.0,0.0,5.498806227,0.0,6.144335837000001,0.0,0.0,0.0,7.48549722,4.755484947,0.0
BC05_12,11.25751373,11.23186409,8.728064951,11.06866443,0.0,0.0,0.0,0.0,0.0,0.0,0.0,6.043084038,7.382771325,5.191566997,6.559431085,6.055753037000001,0.0,7.57775665,6.110890677,5.6952461439999995,0.0
BC05_13,10.74292726,1.824549292,6.835442617000001,2.3997118040000003,0.0,1.621366483,3.702782359,0.0,1.888583654,0.0,0.0,0.0,6.371047586,0.0,6.449838311000001,0.0,0.0,0.0,6.729740435,4.7769362289999995,0.0
BC05_16,9.835142328,6.54555079,6.908974535,2.987195943,0.0,2.478217662,0.0,0.0,3.337192052,0.0,0.0,4.922823597,5.7382483120000005,5.035197817,7.128070835,0.0,0.0,3.9221713360000003,6.7152985339999995,1.4655675419999998,0.0
BC05_17,5.290839477,10.47748852,6.779387674,10.53185912,0.0,0.0,2.292534757,0.0,0.0,0.0,0.0,3.814410177,6.744141633,0.0,6.767837825,0.0,0.0,6.577374452000001,5.546075479,5.251278169,0.0
BC05_18,9.397356724,3.42165339,7.120743438,2.333114298,0.0,0.0,0.0,3.864721732,0.0,0.0,0.0,0.0,7.469197969,0.0,5.8769791929999995,0.0,0.0,3.024805521,5.45996842,5.253372301000001,0.0
BC05_20,10.30260422,2.073171929,7.509987108,4.257030144,0.0,0.0,3.0081547939999997,0.0,0.0,0.0,0.0,0.0,5.808232576,6.066966191000001,5.924736965,3.970669201,0.0,4.296060166,6.751534124,6.681205935,0.0
BC05_21,10.65843631,8.880990114,8.293471972999999,0.0,0.0,0.0,0.0,0.0,5.157272101,0.0,0.0,5.252325783,6.235958547,4.739526238,6.687744316,5.156696197,5.0087000889999995,0.0,6.692307043,5.678601409,0.0
BC05_22,10.22773791,0.0,7.543548733,0.0,0.0,0.587786665,0.0,0.0,3.605226069,0.0,0.0,0.0,4.713845203,0.0,5.175923718,0.0,0.0,0.0,7.162374241,4.066116541,0.0
BC05_23,11.66762537,2.91993056,8.852865108,3.406516543,0.0,0.0,0.0,0.0,0.0,0.0,0.0,0.0,5.792830665,6.139000541000001,6.125798742000001,4.331259518,0.0,5.794171474,7.915410233999999,6.1564491839999995,0.0
BC05_25,10.82978248,3.252697373,7.577940848,0.0,3.231594597,0.0,0.0,0.0,0.0,0.0,0.0,0.0,6.464837494,5.890317365,6.363269454,4.828073708,4.743278588,3.661765162,7.426555025,6.009181667999999,0.0
BC05_26,10.58482932,2.128231706,8.289667553,4.949539728,0.0,0.0,0.0,0.0,3.39785848,0.0,0.0,2.606386547,5.9634765110000005,6.162598758,6.20615245,5.38357721,7.871391322000001,8.513199226000001,7.041332921,5.81844955,0.0
BC05_27,10.37114907,8.127487253,6.231111171,3.699077279,0.947789399,5.272589218,3.60875341,0.0,0.0,0.0,0.0,0.0,6.108491742000001,7.277683015,6.805024636000001,2.17588744,3.802877558,5.769101941000001,6.566714622999999,6.0420625999999995,0.0
BC05_28,11.84085049,1.232560261,8.631824599,0.0,0.0,0.0,0.0,0.0,0.0,0.0,0.0,0.0,4.006787582,0.0,6.628081057999999,2.7631695,0.0,6.239905406,7.216900364,5.85464203,0.0
BC05_29,7.919087064,11.10974874,7.73714081,11.04284103,2.939161922,0.0,0.0,0.0,2.061786606,0.0,0.0,6.31434483,7.218110854,0.0,4.971131874,2.076938411,3.023833704,0.0,7.268292754,3.913422026,0.0
BC05_30,9.907971982000001,6.209394531,6.652733989,3.47010136,4.612642201,0.0,0.0,0.0,0.0,0.0,0.0,5.420313736000001,6.0545332389999995,0.0,7.046621168,0.0,0.0,0.0,6.763942644,6.819874433,0.0
BC05_31,10.22742549,1.4516138269999999,5.976706176,0.0,0.0,0.0,0.0,0.0,3.249598998,0.0,0.0,0.0,6.405244987000001,0.0,6.244244567999999,0.0,0.0,0.0,7.509099622000001,1.111857515,0.0
BC05_32,9.949509126,4.885903169,9.025811581000001,5.21150597,1.9169226119999998,0.0,0.0,0.0,5.816992105,0.0,0.0,3.688879454,6.593729231,6.894730827999999,6.403060821,0.0,6.762798869,4.869839484,7.136077397999999,3.9573787069999997,0.0
BC05_33,11.04226018,4.794798318,7.712153094,5.032462015,0.0,0.0,0.0,0.0,0.0,0.0,0.0,0.0,3.662278772,5.760635286,6.663579595,3.300271463,4.556609995,0.0,7.237555306,6.529958838,0.0
BC05_34,10.68548592,4.592793915,7.28717753,0.0,0.0,0.0,0.0,0.0,0.0,0.0,0.0,0.0,6.25277056,6.1295947239999995,6.65501555,0.0,3.2007118539999997,0.0,7.040054662999999,5.090431818,0.0
BC05_35,9.586737744,0.0,6.123917232999999,0.0,0.0,2.754297452,0.0,0.0,0.0,0.0,0.0,0.0,5.224401684,5.7844096270000005,5.557831418999999,0.0,0.0,2.770711962,6.338558742000001,4.724640686,0.0
BC05_36,10.40569212,4.8467821419999995,8.248099938,0.0,0.0,0.0,0.0,2.9652730660000004,0.0,0.0,0.0,0.0,6.228017785,5.622066145,5.646612296,3.711374532,4.06731589,3.671224519,7.241158525,5.686127539,0.0
BC05_37,10.11006626,2.612273246,6.2941029639999995,0.0,0.0,3.346389145,0.0,0.0,0.0,0.0,0.0,0.0,6.133506497000001,5.646753464,6.373882771,5.3506251460000005,0.0,4.376888457,7.169326922000001,6.615917919,0.0
BC05_38,10.13206949,3.353756307,7.434428661,5.028933522,0.0,0.0,0.0,0.0,1.752672081,0.0,0.0,3.7607348910000002,4.304065093,5.742778803999999,6.040326137,3.741471904,4.644102396,3.5366020189999996,6.576942995,5.458989592000001,0.0
BC05_39,10.00531644,8.689927268,7.023794572999999,4.81315949,0.0,2.613739522,2.190535589,0.0,6.417842777000001,0.0,0.0,5.8128760139999995,5.6810936860000005,3.782142085,5.866892896,6.408396987000001,6.815650955,5.167411097,5.068275074,4.973625468,0.0
BC05_41,8.994872289,0.0,8.263433204,4.363989947,5.051713256,5.536191882000001,0.343589704,0.0,0.0,0.0,0.0,3.128513385,4.1164321589999995,5.097424424,5.48599953,0.0,0.0,3.451256582,6.853826937000001,0.0,0.0
BC05_42,10.73370981,3.9798685519999997,8.084303442000001,4.69711106,0.0,0.0,0.0,0.0,0.0,0.0,0.0,0.0,5.152944714,0.0,6.448509575,4.16262607,4.710160633,0.0,7.377114951,3.5052570519999997,0.0
BC05_43,10.25354248,5.5244963060000005,5.330832958,6.956421626,4.936486295,0.0,0.0,0.0,0.0,0.0,0.0,5.488069581,6.242028694,2.598979106,6.3170924820000005,0.371563556,0.0,4.391110253,7.44974812,4.814214813,0.0
BC05_44,9.031539012,2.218115936,7.899958354,4.743975149,0.727548607,0.0,0.0,2.065596135,3.66944176,0.0,0.0,0.0,5.520820712999999,4.565389316,6.939806119,5.825734585,0.0,6.2567859729999995,6.670081676000001,5.078293943,0.0
BC05_45,9.878506097999999,6.665352453,7.830206992999999,5.268991537,0.0,0.0,0.0,0.0,3.033028058,2.918851229,0.0,0.0,5.880477119,5.945970196,6.371064689,3.885062824,0.0,0.0,7.517667578999999,4.601362948,0.0
BC05_46,11.00927289,1.526056303,8.073334388,0.0,4.335851798,0.0,0.0,3.609836247,4.160756328,0.0,0.0,0.0,6.475355672,0.0,6.484177115,0.0,0.0,3.145874932,7.111348971,4.8268727,0.0
BC05_47,10.51354547,7.4101232370000005,5.502318872000001,4.440295543,4.501364017,0.0,0.0,0.0,0.896088025,2.541601993,0.0,0.0,5.063733625,5.450866765,7.171925604,0.0,0.0,2.4765384,7.302152699,1.2781522029999999,0.0
BC05_48,11.29630062,9.522839682999999,8.397154363,0.0,0.0,0.0,0.0,0.0,0.0,0.0,0.0,0.0,5.973529674,5.980782699,5.322326819,4.008060194,4.32823021,0.91228271,7.379376349,6.314706795,0.0
BC05_49,10.76836204,7.0568043970000005,9.282861944,4.68046317,0.0,0.0,4.1967507180000005,0.0,1.964311234,0.0,0.0,5.347012288,7.567454252999999,6.544300259,6.459669685,5.48691088,0.0,7.537062361,6.984762615,5.258692572,0.0
BC05_50,10.75321446,8.176706507999999,8.154327697000001,0.0,0.0,4.807621114,0.0,0.0,0.512823626,0.0,0.0,0.0,5.859959671,5.54322241,5.758933319,0.0,0.0,4.07005187,7.770430021,6.599707221,0.0
BC05_52,11.74647413,6.912215317999999,8.381556728,6.670398699,0.0,0.0,0.0,0.0,4.3549123419999995,0.0,0.0,0.0,5.316942831,3.277899165,5.923667388999999,0.0,0.0,0.0,7.662251525,7.668869472000001,0.0
BC05_53,10.8903866,9.094566941,8.864934548999999,0.0,0.0,0.0,2.595254707,2.9739977810000005,5.119669055,0.0,0.0,3.34462703,5.838866827,4.371976299,6.268338421,0.0,7.9792019,2.60046499,7.00219235,6.470969768,0.0
BC05_55,10.49756853,2.500615943,4.632201525,0.0,0.0,0.0,0.0,2.2544447180000002,0.0,0.0,0.0,0.0,6.957830332,0.0,5.718014057,2.317473705,0.0,5.3418077980000005,6.609147066,7.011574607999999,0.0
BC05_57,10.38558525,1.87946505,7.095014625,3.289147878,0.0,0.0,0.0,0.0,0.0,5.3859618760000005,0.0,0.0,7.328575229,2.165619238,5.531133982999999,0.0,2.9770590080000003,5.463026396,6.570952987999999,6.461296287000001,0.0
BC05_59,11.04730677,8.401640916,10.03138988,5.3940365539999995,0.0,2.3360198690000002,0.0,0.0,6.8534469179999995,0.0,0.0,5.870031107000001,6.070483653999999,3.838161157,6.83885526,0.0,6.714752885,5.968477354,6.8055785779999995,4.839609697,0.0
BC05_60,10.32917611,6.220411228,8.133754706,0.0,0.0,0.0,0.0,0.0,0.0,3.197856458,0.0,0.0,5.730034846000001,5.537924643999999,6.51567519,0.0,0.0,5.36928828,7.395064548,7.00357442,0.0
BC05_61,10.92505608,5.93500001,7.542287692,0.0,0.0,0.0,0.0,0.0,0.548121409,0.0,0.0,0.0,6.816210002999999,5.359271346,7.059961212,0.0,0.0,0.0,6.54925009,5.050945157,0.0
BC05_62,9.238368878,4.1243886839999995,4.880070924,4.809253235,3.5562048369999997,0.0,0.0,0.0,0.0,0.0,0.0,0.0,6.368530181000001,4.135166557,6.590191152,0.0,0.0,0.0,6.7596380279999995,4.506674939,0.0
BC05_63,10.72909881,5.437731422000001,6.872366415,0.0,0.0,4.466137977,2.868466923,0.0,3.8792931810000004,0.0,0.0,0.0,7.103955086,6.124136195,5.959354492999999,4.797937001,4.0756712969999995,0.0,7.185939893,6.305398991000001,0.0
BC05_64,10.39091568,5.077421288,7.931855924,3.08876714,0.0,0.0,0.0,0.0,0.0,0.0,0.0,1.566530411,6.1868257170000005,0.0,7.61235661,0.0,0.0,0.783901544,7.641194714,5.882374865,0.0
BC05_68,10.338903300000002,6.291180175,3.868697881,1.646733697,0.0,0.0,0.0,0.0,3.676300672,0.0,0.0,0.0,6.868442562,2.3437270359999998,7.019403982,4.569543008,5.424465318999999,0.0,7.151610848,3.6635616460000002,0.0
BC05_69,10.29987693,8.745564652999999,7.326380084,6.818005611,0.0,0.0,0.0,0.0,4.363098625,0.0,0.0,0.0,6.781681722,0.0,6.013690706,0.0,0.0,3.5689691569999997,6.675205124,3.954124181,0.0
BC05_70,10.22668275,6.131052561000001,6.899541639,0.0,0.0,0.0,0.0,0.0,0.0,0.0,0.0,0.0,6.327132889,5.6004569239999995,6.640620654,0.0,0.0,0.0,6.445211754,5.125569832,0.0
BC05_71,11.43822444,5.6890748460000005,8.101004794,1.9544450519999998,0.0,0.0,0.0,0.0,0.0,0.0,0.0,0.0,6.968633986,6.763295821,6.202980762,0.0,0.0,0.0,7.9779612339999995,4.83810564,0.0
BC05_72,9.956931632,5.35550078,8.104969294,0.0,4.381651563999999,0.0,0.0,0.0,3.773220603,0.0,0.0,0.0,6.516548042999999,6.628477789,6.076793259,0.0,0.0,4.673856344,7.296582746,3.325395668,0.0
BC05_73,10.58297613,0.0,7.520321274,0.0,0.0,0.570979547,0.0,0.0,0.0,0.0,0.0,4.785322725,6.623706597999999,3.785325352,5.70368247,0.0,0.0,0.0,7.2387913379999995,5.6892439679999995,0.0
BC05_75,10.17432429,1.10856262,6.621152624,2.54474665,0.0,0.0,0.0,0.0,0.0,0.0,0.0,0.0,7.4862825410000005,2.532108251,6.603726999,0.0,0.0,0.0,6.42262989,4.640054588,0.0
BC05_77,11.39698743,0.0,8.478171657999999,0.0,0.0,0.0,4.407085034,0.0,0.0,4.938566268,0.0,0.0,5.342621292,6.6403724429999995,3.9446837880000003,2.360854001,0.0,5.443153371,7.555889402999999,7.065211917,0.0
BC05_78,10.16296458,0.0,7.232342887000001,0.0,0.0,4.085303818,0.0,0.0,2.7619068739999997,0.0,0.0,2.733067964,5.304995021,5.668673298,7.700399318,0.0,0.0,0.0,6.792265861000001,5.023748933,0.0
BC05_79,11.04939619,6.394593595,8.352552012,4.626735964,0.0,0.0,0.0,0.0,2.415020522,1.2919836820000001,0.0,5.022959043999999,5.624270182,5.890842786,6.456581255,0.0,2.611539301,0.0,7.019412926,6.537242171,0.0
BC05_80,6.8048473089999995,0.0,7.659180802000001,2.649714624,0.955511445,0.0,0.0,4.787825021000001,3.559624618,0.862889955,0.0,0.0,6.552864457,6.077940364,7.179323212999999,0.0,0.0,3.497113438,6.360507688999999,4.238156264,0.0
BC05_81,11.73180128,8.168500589,9.884157424,3.728100167,0.0,0.0,0.0,0.0,1.778336449,0.0,0.0,3.985459324,3.9005575269999997,5.61396717,5.755932069,4.087823345,8.285243479,6.544372171,7.282197447000001,7.304267092000001,0.0
BC05_83,10.41692835,3.5590554660000002,5.975766983,4.453882072,0.0,0.0,0.0,0.0,2.174751721,0.0,0.0,0.0,6.596067357999999,6.151604399,6.187873903,1.731655545,0.0,4.588329169,6.61361238,4.884694071,0.0
BC05_84,10.80234215,5.3782831479999995,6.510317862999999,0.0,5.463916547,0.0,0.0,0.0,0.0,3.589059119,0.0,0.0,5.294911573,5.288670989,6.0252135870000005,3.5684053010000003,0.0,0.0,6.873764068,6.8553666479999995,0.0
BC05_85,11.70685201,9.634271266,8.861729965,5.833933159,0.0,0.0,0.0,0.0,0.0,0.0,0.0,0.0,4.97776769,3.7807747189999996,6.0388966470000005,2.57184858,0.0,0.0,6.732925588,4.338205355,0.0
BC05_86,9.534663391,11.09562039,6.848005275,7.705564231,0.0,5.1695744910000005,5.2067501730000005,0.0,5.109816759,0.0,0.0,8.43887483,7.291663021000001,5.767164077,6.683448551000001,8.693702892000001,8.968918281,7.653433238,6.5358941779999995,7.611763267000001,0.0
BC05_87,11.43771053,7.939654238999999,8.348099756,7.687955919,0.0,0.0,2.797890905,0.0,3.18428438,0.0,0.0,0.0,4.940856398999999,4.934761662,6.493799225,3.3772461610000004,2.4706386780000003,4.200804473,7.534463467,6.112154465,0.0
BC05_88,10.40138172,0.0,7.613532365,4.38925048,4.756688834,2.09679018,0.0,0.0,2.9231615810000005,0.0,0.0,5.099256486,5.23734581,5.221814221,6.703433482,0.0,4.4760860330000005,4.611351045,6.547746212000001,4.6139316919999995,0.0
BC05_90,10.5857765,4.967170923,3.8828001469999998,5.21716154,0.0,0.418710335,0.0,0.0,0.0,2.4466854369999997,0.0,0.90825856,6.8171410560000005,0.0,5.828121749,0.0,0.0,0.0,6.923608943,3.9253340189999997,0.0
BC05_91,10.53460081,1.562346305,6.296575107000001,5.483343596,3.134624272,0.0,0.0,0.0,5.5526106870000005,0.0,0.0,2.77695418,5.535521602,6.768251802999999,5.564098863,4.331259518,5.509752643,6.746071295,6.311480692999999,4.85787254,0.0
BC05_92,3.6187251939999996,5.412583112999999,4.680741373,0.0,7.348523179,0.0,0.0,0.0,5.0389635660000005,0.0,0.0,6.057626749,7.009743114,6.556877782999999,4.336113578,0.0,5.681264163,0.0,6.3403063920000005,2.3878449369999997,0.0
BC05_93,9.843124303,9.596387499,4.808274282,5.970266447,0.0,0.0,0.0,0.0,5.72145866,0.0,0.0,0.0,8.011792824,4.561322786,6.137359816,0.0,0.0,0.0,6.321577319,6.989519581000001,0.0
BC05_94,10.89678432,7.581118032000001,7.263792018999999,5.266258943,0.0,0.0,0.0,0.0,2.6440448709999997,0.0,0.0,0.0,6.807105871,4.418840608,6.937838216,0.6626879729999999,2.118662255,3.449670035,6.631342799,6.830096394,0.0
BC05_95,11.02328844,0.0,7.914398467000001,4.332705079,0.0,0.0,0.0,0.0,1.967112357,0.0,0.0,0.0,5.814339465,6.224499022000001,5.471345876,0.0,0.0,0.0,7.057829087999999,6.961769867,0.0
BC05_96,9.824590438,4.971825163,0.0,0.0,0.0,0.0,0.0,0.0,0.0,0.0,0.0,0.0,7.470531781,6.888164628999999,6.784954676,0.0,0.0,0.0,5.029326193,5.475919471,0.0
BC11_01,0.3074847,1.0331844829999999,0.0,0.0,7.636983634,8.399836565,8.402691017999999,5.122295922,0.0,6.901998742000001,3.00221124,6.717998147,0.0,0.0,0.0,0.0,0.0,5.820112604,0.0,6.566925562000001,0.0
BC11_04,10.00893616,0.0,0.0,0.0,3.1086144310000003,3.925136645,6.78786753,1.6601310269999998,0.0,0.0,6.102513851,0.0,0.0,0.0,5.370638027999999,6.839026658,0.0,0.0,0.0,6.180513425,0.0
BC11_07,1.2753628000000001,0.0,0.0,0.0,6.88926539,7.441607737999999,8.27408415,0.7654678420000001,0.0,6.354648263,2.6567569069999997,6.508023702999999,0.0,5.951137222000001,0.0,5.0600601769999995,0.0,0.0,0.0,0.22314355100000002,0.0
BC11_28,1.2527629679999999,0.0,0.0,0.0,6.146992849,6.914055392000001,6.378239409,0.0,0.0,7.449294377999999,6.148468296,3.435598808,0.0,3.883623531,4.104459896,8.299096881,0.0,0.0,0.0,5.172470657,0.0
BC11_43,6.221047322,1.2412685890000001,0.0,0.0,7.42084833,4.195094465,7.005036242999999,0.0,0.0,7.709003217,6.5661237560000005,6.418299681000001,1.526056303,2.079441542,4.11218448,6.301171042000001,0.0,7.324107572999999,0.0,6.427652827999999,0.0
BC11_56,5.801846435,0.0,0.0,0.0,4.444414407,7.010474309,7.338524195,5.850044982000001,0.0,4.5817992,3.7727609380000002,0.0,1.272565596,0.0,4.898212865,7.395082976,0.0,4.087319947,0.0,6.811222352000001,0.0
BC11_69,0.837247525,0.0,0.0,4.796038449,6.037703842000001,5.729092783,5.279032605,0.0,0.0,7.20443178,6.850888587000001,0.0,2.264883226,6.167768032000001,0.0,4.23483088,0.0,0.0,0.0,6.612054476,0.0
BC11_70,1.6174060819999998,0.0,0.0,0.0,7.531589894,7.723646502,7.851342061,6.10047589,0.0,6.999185213,7.697761439,1.962907725,2.273156282,6.714340418,0.0,4.353369925,0.0,0.350656872,0.0,5.370265866,0.0
BC11_78,4.590868401,0.0,0.0,0.0,7.0936952810000005,6.7525507110000005,6.7199426739999994,0.0,0.0,7.404059983,5.418630532000001,6.212445762000001,0.615185639,0.0,3.883623531,5.682320471000001,0.0,1.193922468,0.0,7.954158064,0.0
BC11_81,1.289232648,0.0,0.0,0.0,7.0575536439999995,7.5509083210000005,6.389401389,0.0,0.0,6.440436044,6.453971396,0.0,0.0,0.0,0.0,0.0,0.0,6.347003846000001,0.0,6.392871432000001,0.0
BC11_88,0.0,0.0,0.0,0.0,6.528893152999999,8.864273251,8.549811387,7.438142324,0.0,8.736596958,4.606569207,6.331074712,0.0,0.0,0.0,5.454123817999999,0.0,4.61343593,1.6601310269999998,1.366091654,0.0
BC06_10,1.8437192080000002,0.0,0.0,0.0,7.191911142,6.432489831,5.598792261,0.0,0.0,4.539671203999999,5.781977322,8.224983552000001,0.0,0.0,6.2652441770000005,7.71732457,0.0,1.2781522029999999,0.0,8.047410337999999,0.0
BC06_23,0.0,0.0,0.0,2.323367632,6.562486466,0.58221562,1.7047480919999998,0.0,1.316408234,4.018722624,7.836278882999999,7.086880065,1.821318271,4.492113464,0.0,6.090970457999999,0.0,0.0,0.0,7.265828245,0.0
BC06_27,1.128171091,0.0,0.0,0.0,6.552793153,0.0,0.0,0.0,0.0,4.690338198,0.620576488,7.787315634,0.0,0.0,5.638319082000001,6.878233776,0.0,0.0,0.0,7.768512159,0.0
BC06_28,1.026041596,0.0,0.0,4.788158187,5.953658832,6.7626717020000005,6.58405908,0.0,4.596835549,8.130017802000001,5.57097463,7.732597166000001,5.953658832,0.0,0.0,7.10165126,0.0,5.0201895069999996,0.0,1.648658626,0.0
BC06_32,2.101692151,0.0,0.0,0.0,7.429520843,0.488580015,0.285178942,0.0,0.0,7.374635285,6.2755903029999995,6.972296925,4.139636551000001,0.0,0.0,7.453868892999999,0.0,3.1000922889999996,0.0,7.836598893,0.0
BC06_39,0.0,0.0,0.0,0.0,5.314535145,0.0,4.46326094,0.0,0.0,7.440440237000001,5.881119407000001,6.219277181,6.332248902000001,0.0,0.0,7.13134673,0.0,5.672085387999999,5.060440816,2.693951277,0.0
BC06_60,3.5986811860000003,0.0,0.0,0.0,7.816731324,0.0,0.40546510799999996,0.0,2.392425797,7.208985164,6.249067494,7.138208053,2.557227311,0.0,0.0,6.28915883,0.0,1.111857515,0.0,7.102746239,0.0
BC06_74,1.01884732,0.0,0.0,0.0,7.76989812,0.21511138,4.632396172,0.48242614899999997,0.0,6.009648218,7.506152123,6.750200477999999,5.440294245,0.0,0.0,5.984817504,0.0,4.5444643110000005,0.0,7.243377154,0.0
