,RPL32,NDUFA12,SAT1,DBI,NDUFB2,SLIRP,PRDX3,ABRACL,MRPL51,PSMB6,TIMM8B,PSMA4,DAD1,UQCR10,HSPE1,GTF3C6,COX5B,C14orf2,MRPS18C,DYNLL1,group
NBMpool7A2,7.209641341,8.070744118,1.8327256969999999,7.829882089,7.755443135,6.742734864,1.577872348,7.121440604,7.302495651,1.16705809,7.000903755,1.3771109609999999,6.841288092,0.804135807,1.4535766019999998,1.093361209,2.298453153,6.466810867,0.0,1.264390919,1.0
NBMpool13A3,0.0,1.9638891669999998,0.861987616,7.543862914,2.118406368,6.301608834,6.182636329,6.4513421289999995,7.4414586510000005,1.066672828,6.529321902,7.18945816,1.052076044,5.830767281,6.2494831710000005,0.7057992340000001,7.359237254,3.131762515,1.270788709,7.113475500000001,1.0
NBMpool11A4,0.0,1.0334582140000002,2.546506075,7.342665517,1.938379734,4.758293767,1.24330771,0.605889833,7.432657464,7.738629612,0.0,0.7667702820000001,8.130720221,1.071861797,6.918477125,7.1624277329999995,1.983942986,1.7677086169999998,0.655462846,0.7819872390000001,1.0
NBMpool17A6,0.0,1.17290876,1.3912111880000002,1.706521841,6.794925867000001,1.56347687,1.462442772,6.845720281,1.270343218,2.391022371,0.6526692789999999,1.2985789090000002,7.67720566,6.157041495,7.23922855,1.188535064,7.429694239,6.985107356,6.866250456,7.030461181000001,1.0
NBMpool1B1,0.0,6.740660653,6.510350475,7.122082925,6.975108232,6.6823281560000005,6.809570826,6.1713551010000005,5.801513087999999,7.621242945,5.578640533,6.884053119,6.5485092389999995,6.445453683999999,6.710662051,6.081924985,7.139268638,6.747846394,5.712318141,1.124589821,1.0
NBMpool10B2,6.348779497000001,7.4466427479999995,7.457938266,7.019370176,0.0,3.584814459,1.915027745,0.0,2.53063116,7.616414596,7.299800274,1.270927575,7.657600499,6.398343649,6.846146672000001,0.0,3.465685085,1.758184647,0.0,0.0,1.0
NBMpool14B3,6.824431802,6.721709422999999,1.494556554,1.93985211,2.078520037,5.442512566,1.4265453719999999,1.927959336,0.650597353,1.535144338,2.026577052,7.458473344,6.0907190579999995,6.105137707000001,5.702467134,2.019238916,7.1354564279999995,6.662437752000001,5.9080108970000005,0.620335218,1.0
NBMpool14B4,0.0,6.53322157,1.3422425,7.116939877,6.6937854439999995,5.660126204,2.286667756,7.122834727000001,1.87148101,7.110384407000001,2.010319044,6.941887791,7.131375437000001,2.0346039940000002,1.775619221,6.049229399,6.853404922,5.833193753,1.4085819,1.206956312,1.0
NBMpool17B6,5.850266572000001,7.070477531,0.26732789,6.929523509,7.356149567,7.31539767,0.905259541,6.815965585,1.0818639490000002,1.4418126430000002,0.383346254,7.2070752360000006,4.7405312330000005,1.112481749,1.267297288,0.821514987,2.295812427,3.713395522,0.7490976979999999,7.774083779,1.0
NBMpool6C1,1.945701609,8.018709292999999,6.715051527000001,7.067107725,1.370310376,7.290416767999999,6.658491297,6.64506908,6.899620245,1.6643997169999998,1.080085554,1.431896064,1.176655321,1.484837084,6.09849785,6.926912069,7.148024056000001,1.757289087,1.5195455580000001,0.893587969,1.0
NBMpool4C11,7.621545732,1.7440013109999999,1.447899016,1.4248950919999999,7.645244411,7.717530825,2.36832976,1.3257689320000001,0.0,1.319716842,7.539615809,1.401406249,2.403030897,1.267160397,7.553518484,2.383045671,8.003754984,1.852441363,1.404706716,0.0,1.0
NBMpool10C2,5.605775091,1.276997776,0.27083643,7.666366489,0.0,8.131493817,6.780648264,0.333943488,0.55519023,6.5399583020000005,6.938907904,7.316643742999999,7.9976811670000005,6.9687642379999994,7.262639892999999,0.63212845,1.095330877,7.021865925,4.956234101000001,0.248602194,1.0
NBMpool14C3,0.0,6.957575492,0.47174445600000003,7.441336017999999,1.319916558,0.961237848,6.926652493,6.142134756,6.9050904310000005,7.731625508,1.873861015,0.845543432,7.28560524,5.889964311,6.762407546,0.705597567,6.064653372,1.701231271,0.909144165,6.033359894,1.0
NBMpool11C4,0.0,1.862491052,6.653908202,1.263308144,6.911529334,6.344761048,1.458013384,4.126941827,6.449254757,1.6901332480000002,5.921616676,6.727940389,1.4178302980000002,1.109530935,5.372022793999999,1.51445389,7.54831759,5.5525104579999995,0.41976795200000006,7.196869684,1.0
NBMpool17C5,5.899510952000001,6.943969579,0.76556508,0.802000845,1.812849006,6.463334867,1.176575983,1.376795735,6.89039671,7.216139355,6.620499475,7.146330394,6.544959467999999,6.386142926000001,6.2514375939999995,6.379707017,7.177074379,0.8738050190000001,1.1243058320000001,0.81565819,1.0
NBMpool17C6,0.0,7.027722671,0.8866260290000001,7.388009352,7.136017531,6.344470717,1.284245332,6.837519500000001,0.921614145,0.789595158,1.155380452,6.964512085,1.164674421,5.631010932000001,6.9358602739999995,0.431281232,6.7559713939999995,1.871771184,0.0,0.622252999,1.0
NBMpool6D1,0.0,1.6061029740000001,0.731469082,1.550891377,7.244883431,1.913512813,6.890903302999999,6.480568762000001,0.998842235,7.015502596,1.780119115,6.848861099999999,2.0364931719999997,6.782510736,0.986869257,6.8064303189999995,6.813855364,7.638506512,7.37831593,0.0,1.0
NBMpool4D11,5.701481514,1.6551603559999999,1.080431921,0.9845592809999999,6.858024055,5.930560444,6.170719415,1.247096896,5.540665446,1.241224481,7.208949662999999,0.619622729,6.549070271000001,5.321204695,7.049398853,0.0,6.455138989,1.761575603,5.833107233,1.840043024,1.0
NBMpool10D2,6.390695356,1.219417316,6.980904746,6.550548096,0.682734095,6.0933598479999995,5.879157483999999,0.0,0.41443025200000005,7.152208215,6.243618314,6.756341695,6.340549354,5.891446445,1.103710516,0.0,7.983049802000001,7.425938159,0.684130715,7.035569603,1.0
NBMpool13D3,0.0,7.653890972999999,4.868525839,6.430501137,6.2461426620000005,5.935593334,5.803821494,6.034095507999999,6.160846042999999,6.317867047999999,5.964035391,0.905369124,2.499837723,5.201914507,5.673898635,1.062291547,6.297975462,6.709528627,1.106964395,6.487540035,1.0
NBMpool13D4,0.0,6.589295452000001,5.080135177,0.57168615,2.189280969,6.152988247000001,7.591365969,0.38924188,1.216630248,1.211869289,6.1337365660000005,6.760821603999999,3.080468057,6.830920682,0.0,6.695817846000001,6.666065594,6.783226589,1.4289939580000002,0.0,1.0
NBMpool17D5,0.0,1.7750163140000002,0.24805685800000002,0.8016576059999999,6.938345274,7.092182511,1.075858716,7.0812403139999995,0.639613675,7.671644214,0.496986121,6.556872531000001,1.0079910570000001,7.1235914110000005,6.103602776000001,0.822716986,7.7489826829999995,5.490422301000001,4.381956608,1.1130164470000001,1.0
NBMpool17D6,6.435774342,6.742497742,6.392039411,0.381966094,6.3078131310000005,0.997884807,0.629969356,0.34171643399999996,0.926378844,1.617434449,0.0,6.618311601,7.1161492,0.5342057729999999,1.097104323,5.938274355,5.828260642,0.0,0.944598968,1.067134355,1.0
NBMpool1E2,0.0,1.565384546,0.298533105,0.0,1.13487987,6.51585765,2.128540836,0.366996465,1.326308593,7.253185302,6.772659214,1.139359145,7.101424917,1.577480211,1.8609677040000001,0.9468373840000001,1.171163665,0.7651352579999999,7.020966429,7.359929707999999,1.0
NBMpool21E6,0.0,6.948138792000001,6.6313884000000005,1.7950891009999999,0.836394862,6.800742616,1.0209105109999999,1.578297005,6.712594537999999,6.649234921000001,0.7678381320000001,1.345166911,1.465814405,1.218256498,1.853760483,7.519021248,2.321904251,6.076354356,6.73920535,6.087384432,1.0
NBMpool7F1,5.554858526,7.049518729,0.8774285140000001,0.519670339,2.0921948180000003,6.747022175,1.511934303,6.704683218,6.934117576,1.93425666,6.31233251,7.604328211,6.497890598,6.838465237,1.683641935,6.704852527000001,1.097674818,4.573761579,6.568825971,0.615013117,1.0
NBMpool8F2,0.0,0.805609355,0.64821121,1.9933439659999999,7.557080592999999,6.45614961,1.564474784,7.137907725,1.5542534019999998,0.991153325,7.128408141,0.634839101,7.658572459,6.3441140879999995,5.9638166660000005,1.064519155,6.16891285,1.877201562,0.7971638940000001,1.5038499580000002,1.0
NBMpool13F3,6.740479162000001,1.419096954,1.182201439,2.1740916759999998,6.699898537999999,7.030847274,6.9595183039999995,1.7991188280000001,0.641559486,1.145524286,1.819910605,1.924233997,6.717299194,6.049233805,1.51071737,6.812624807000001,1.529821958,1.053565047,6.079611647,6.373843014,1.0
NBMpool15F4,6.76089292,1.381330947,7.819316816000001,7.253121962000001,3.188318628,1.6718538440000001,1.584278806,6.903928717,1.436988,6.875884108999999,0.653478425,2.710460692,7.382875338,6.526339347,0.0,7.150925227,2.064455551,3.535439313,1.369882548,7.071668473,1.0
NBMpool22F5,0.0,7.358207566,0.729554955,7.12945439,1.591383459,7.5397402389999995,7.589802902000001,6.7934585929999995,7.315250292000001,7.711584789,7.647146556,6.98394961,7.239137744,7.5073740860000004,7.723599289,7.705698277000001,2.318783812,1.140778608,0.0,7.375803892,1.0
NBMpool19F6,0.0,7.67244984,0.0,1.192545837,7.007345046,2.0847346069999997,0.30812818,6.241459377999999,0.983094255,7.649871753999999,6.310615126,1.936453512,6.839903907999999,6.29045252,1.7789437590000001,0.78482736,1.887989607,7.178891961000001,5.649350094,1.067476398,1.0
NBMpool6G1,6.190755359,7.1555397439999995,0.9588872540000001,6.25270239,6.729620711,7.203911693999999,1.075872275,6.968033067,6.0374202839999995,5.746730576,0.652156284,4.9190661460000005,6.189524055,5.989395839,7.313310501,7.345366702000001,5.882443512,6.746869897000001,1.684584047,6.238678752,1.0
NBMpool4G11,0.0,6.902680926,0.9105168290000001,1.445327205,7.349827546,2.3933613559999998,6.3513621339999995,0.666158598,0.780096522,2.024558131,2.250508477,0.874375913,1.4914030719999998,6.132070121,0.0,1.260252996,8.075168982000001,6.837641249,1.3090623559999999,1.46420327,1.0
NBMpool7G2,7.507510244,7.665624492,0.463639499,6.7862060589999995,7.713275295,6.446262793,1.491001667,0.44714911399999996,0.0,0.316859697,0.8538895120000001,6.375750813,0.205271203,5.99868161,0.378668798,0.15458701,0.273448138,0.900773556,0.607523468,0.0,1.0
NBMpool13G3,0.0,7.064073062,6.577648315,1.878473043,7.452566544,7.384127447000001,6.396335252999999,0.0,1.9240754469999999,5.798512795,1.6493212430000002,6.8274861829999995,6.859158407000001,5.833105299,2.262588671,6.825565225,6.79447532,2.313487145,0.982882702,7.078869334,1.0
NBMpool12G4,0.0,1.9309301369999998,6.784706972,1.871758405,7.359249172,6.282144432000001,7.676456862999999,6.492224043999999,2.821140695,3.7000078089999997,2.57742565,2.3404272440000002,6.888311133999999,7.5286488160000005,1.167533808,2.245225616,7.780043104,7.080825668999999,6.780855492000001,1.43925042,1.0
NBMpool17G5,0.0,1.633618236,2.237320119,1.446392528,1.478187935,1.9428296219999999,7.109036272999999,1.661326591,0.0,8.025309112,3.369518803,1.59669357,0.0,1.087822317,6.824961200000001,7.005556737999999,7.608517608,1.544603146,1.748059036,1.619270718,1.0
NBMpool17G6,0.0,5.1906737860000005,1.477866469,5.109686995,5.823881796,6.421415866,1.4368850359999998,5.047522068,6.453036022,7.48315674,5.755760394,5.773710086,1.8291020390000001,6.47701939,0.0,6.137627144,2.329987574,1.433605843,0.0,0.542926797,1.0
NBMpool7H2,0.0,1.578890319,0.5274553989999999,0.698605252,5.935452345,2.332602699,6.839326842999999,1.5132137380000001,6.957279548,6.261262222,1.218610403,7.163567955,7.682559907999999,7.074923161,7.164167895,0.331988528,7.130152851,5.9850041560000005,0.0,1.531805765,1.0
NBMpool14H3,0.0,7.8107444489999995,1.209493242,7.294484072,6.959164335,1.825863305,1.414299859,7.260672876,7.653042967999999,2.675218547,7.530624391,1.3783508230000001,6.10159561,6.6685735379999995,7.421713694,0.550790433,0.8679258390000001,7.37819228,7.634524226,1.228623932,1.0
NBMpool11H4,7.455715187999999,1.893898934,3.4049605919999997,0.847693707,2.762123634,2.381801096,1.697673199,0.9392058390000001,1.587012294,8.174543711,1.333696828,2.526508798,2.346009423,6.52536478,1.90564907,1.415355056,2.6868976360000003,7.916611297,1.706283149,1.9352716380000001,1.0
NBMpool22H5,7.565806822000001,1.926366131,3.0859975619999997,2.211371245,1.6270114480000002,2.544315695,1.9511261569999998,1.8169630730000002,1.930930178,8.117180835,1.855192855,1.262802842,2.114878711,6.640602887999999,1.989343708,1.301215164,2.336129665,7.935933574,2.134897026,0.477101239,1.0
NBMpool19H6,7.267801395,0.86659286,0.317131282,7.36378961,7.36827431,6.900526745,6.311232552999999,7.279841691000001,4.119928494,7.266996952,7.098513789,1.716184292,0.7669920379999999,7.081407295,5.056928774,7.063989822000001,7.223080055,0.48022528200000003,0.7215785109999999,1.10908393,1.0
NBM_NCE9,7.380651255,1.5787246480000001,1.186116812,1.043430169,7.168129325,6.647395373999999,6.705621422999999,6.276263972000001,7.879681337,8.478487534,1.7268162530000002,0.826897166,7.723427036,7.000948482999999,0.0,0.620287049,6.708870565,1.127244655,7.0105761,6.749985065,1.0
NBM_NCG8,0.0,7.00764922,0.444088796,0.0,6.82468757,0.9154119629999999,5.73012209,7.018291156,1.02201219,0.53456775,6.834221058,7.81253914,0.6226548439999999,6.830314167999999,0.0,1.065201243,7.0269079560000005,1.046260664,0.0,0.700376022,1.0
NBM_NCB8,6.368221935,1.445391778,2.0423084,0.734684463,7.662300415,6.781795691,1.891316155,1.064726894,1.74799926,7.46561529,0.994878033,2.080826823,1.494083221,1.0126085790000001,3.189187128,0.0,2.354974389,6.15556793,1.311587085,0.0,1.0
NBM_NCF9,7.678151074,7.439356234,1.340708203,0.706407488,8.050808892000001,7.628208738,2.465275225,7.283911322000001,6.796043993,0.63749299,6.67176862,0.5089492529999999,1.156904613,6.409042324,0.0,6.141716927999999,7.629298792,2.214506497,2.269339858,1.132880735,1.0
NBM_NCH8,7.410562947000001,7.007310049,6.556981554,6.594273137999999,0.0,1.11581772,6.318307117000001,1.590253195,0.0,0.677133065,0.0,1.47661228,1.214047522,1.030032061,6.24896591,0.6250538760000001,6.745744612,1.261427586,0.0,0.8712628720000001,1.0
NBM_NCG10,7.166152365,1.6294725069999998,1.342190259,7.076080928,1.904872533,0.0,1.820588115,1.224501124,7.063881682000001,5.642481728,0.0,0.6050375170000001,2.114025614,1.464267875,6.641129811,1.4363690390000001,7.941996197000001,5.251913824,0.0,2.421389996,1.0
NBM_NCH9,0.0,0.0,0.0,7.516884384,6.640663285,0.0,1.90838898,0.0,0.0,1.629621934,0.0,2.3181465830000003,7.014336543,0.0,2.674610177,0.8003256559999999,7.025031037000001,1.0248713729999999,6.89003174,1.086146182,1.0
NBM_NCD8,0.0,6.4263335470000005,5.6660923620000005,1.051572259,5.875413406,1.4879105080000001,6.230000583,1.2372532379999999,1.110354617,6.466286595,6.449804267,5.501931957,1.090925835,5.648335841000001,0.0,0.0,5.18383174,7.202705924,1.202276724,6.86269058,1.0
NBM_NCE10,7.146190262,6.7810270720000005,0.8802052659999999,6.12206629,6.871533032,6.148441186,0.39501597899999996,1.0292271259999999,0.752666672,6.835751747000001,6.136663996,0.8086788970000001,1.451922238,5.282275065,1.164088854,0.955540603,6.321403066,0.0,6.283116005,2.419897368,1.0
NBM_NCB10,0.0,0.0,1.174253458,0.965821258,6.55537826,6.396887105,6.20332949,1.901975882,1.0218549590000001,7.012351982999999,6.457518417,2.067139606,0.0,1.288870899,0.0,0.818591408,6.035975271,7.1680136910000005,1.42749861,1.108074644,1.0
NBM_NCC10,6.356974984,5.723781282999999,2.639814728,0.5471362329999999,5.845332926,6.817808076,6.428567452999999,0.0,5.981037187999999,5.9415776010000005,6.561029593,0.843365322,6.281381886,6.216820697,6.333939452,6.587571114,7.479579648,6.786102499,5.631508822000001,5.992487122999999,1.0
NBM_NCC8,0.0,1.995935152,0.68017975,3.602979807,1.375139756,5.979191322,1.611919325,0.807240829,5.651163941,6.941420992,6.842294288,7.010263642000001,6.8462584,0.763357602,0.0,0.0,2.231183503,2.006481958,6.143618147000001,5.952356506,1.0
NBM_NCA8,0.0,1.219857207,0.740485405,1.756051905,2.035473855,3.057271091,1.181397829,2.239514361,6.876799952000001,1.8789406169999998,2.142998277,2.741902992,2.0515589419999998,6.596180587999999,2.0603611319999997,2.1355371830000003,2.541382533,1.531256502,2.8311592869999997,1.095466506,1.0
NBM_NCF8,5.548482889,0.0,0.7117620259999999,0.920321462,1.4225801169999999,6.537250352999999,1.347781348,6.277818896,0.9747947779999999,6.593376294,0.0,6.50741201,1.436635483,5.247507442,5.763392721000001,0.77761985,6.3054820220000005,6.928321147,6.169807715,5.640282322999999,1.0
NBM_NCG9,0.0,1.898772216,0.834977321,5.957101701,6.570196721,1.50309761,5.817328261,1.789920561,6.740280082999999,6.647995346,1.941184676,0.7658785659999999,1.952790565,1.403196795,6.125099379,1.375833752,2.23515083,6.088302422999999,6.556230219,1.214222836,1.0
NBMrunxG11,6.45827417,5.972298017999999,0.0,6.03659025,6.713164505,5.112051939,6.156334308,5.718807312000001,5.973633412000001,6.870379649,5.998577277000001,7.227824112,5.709568325,5.8297354960000005,6.398416364,4.8848607930000005,7.005454149,6.958743198,4.999975435,6.62810651,1.0
NBMrunxC7,6.375486481,5.578090595,0.547997586,0.723741465,6.1790859970000005,5.541939445,0.560423605,0.657599288,6.402821325,6.401814998,0.0,0.0,6.214587562,5.413980785,6.685422139,0.806931101,2.2576055790000003,4.862789802,6.447084273,0.508111984,1.0
NBMrunxA10,7.363664926,1.6962691369999998,0.704804511,0.0,5.493826701000001,0.863297547,1.5068755569999999,0.0,1.236117592,1.2774436820000001,1.506379717,6.385360148999999,6.538565582,1.2257365279999999,1.433880852,7.202119355,6.906241986,6.429318632,0.0,0.656793715,1.0
NBMrunxA12,0.0,1.9062183119999998,1.001541422,1.7070035780000001,3.804336628,6.042482859,7.415043675,1.161709557,1.9499602719999998,0.36149288700000004,1.8739712819999998,6.578400352,6.632017072999999,0.34006926200000004,6.229545089,6.631559263,0.550831785,7.407216407000001,0.0,6.813503017,1.0
NBMrunxA11,0.0,0.754446959,5.173362743,1.301936738,1.4210161019999998,1.866638674,1.1417540940000002,0.506735914,0.0,0.503464385,2.348577568,0.376148146,5.4510124189999996,0.47543740700000003,0.0,0.0,2.285747774,7.470223872,0.0,0.0,1.0
NBMrunxG8,6.53223578,1.1910953640000002,0.482422886,6.321765996,5.993213301,5.60487513,6.559278194,0.332972589,6.290693247999999,6.4159514710000005,5.711288138,3.663761848,6.049644447,6.155248871,5.426926251,0.719943592,1.093053276,5.901515563999999,6.107479842999999,0.44630905,1.0
NBMrunxF10,6.990005833,2.228146196,0.0,0.406765734,0.716044481,7.131088195,6.503068308,0.0,0.0,6.562641675,1.989111801,7.008736561,6.2248385829999995,5.291911069,5.366802503,0.0,5.912157501,5.620999502,0.813096987,6.213996751,1.0
NBMrunxD12,0.0,0.97157206,5.844718674,0.0,1.5719719509999999,0.853558881,0.159297549,0.0,0.588025649,0.669895907,0.7657061140000001,7.109074055,0.7729714940000001,0.7807773490000001,0.579614324,0.0,6.763126407000001,0.604928656,0.0,0.648691019,1.0
NBMrunxF4,7.132221964,0.49251725,3.615601737,0.0,6.579367624,6.797236915,5.766882712,0.364017417,0.0,0.0,1.597130915,0.265345321,0.42679402200000005,0.0,5.2597562369999995,0.32971176,6.792073467000001,0.7923568990000001,0.0,0.0,1.0
NBMrunxB9,6.327619735,2.224980382,0.0,0.652393705,1.57609658,0.0,5.453641921,0.0,0.696021447,0.0,0.8943076409999999,5.63018055,1.083090587,5.4790184879999995,5.8244894910000005,6.476425016,2.345470348,4.743461478,0.0,6.670874425,1.0
NBMrunxD9,0.0,6.083921687,6.1838184279999995,0.588914217,5.599036712,5.1575362369999995,7.078756756000001,0.0,0.0,6.078501202999999,6.116714364,0.899444714,6.394861349,5.614681425,1.490788596,5.94074219,5.954042286,5.184614684,5.221966535,5.805967345,1.0
NBMrunxC1,6.678325066,6.165969321,1.400731722,1.990249625,4.983379681000001,5.625889025,6.881229843,1.0814334829999999,6.315691745,1.7633992619999999,1.83172699,6.816598065,6.363820595,5.347202405,6.105923109,6.548648527,6.238651794,5.455343934,0.0,0.526906731,1.0
NBMrunxD8,6.6017999739999995,6.16332054,0.576112453,0.320613548,5.768615904,5.9906563539999995,5.508375511000001,0.8432999990000001,6.186277876,0.0,5.366861646,5.98871873,6.796461162999999,0.266470692,1.620105495,0.778262001,6.65396184,0.3569663,0.551613915,6.060723084,1.0
NBMrunxE7,7.012629327999999,6.019412893999999,0.6184049770000001,2.137080509,2.54047819,1.72034247,1.442569702,1.864836421,6.066801531,0.7333350059999999,5.523666863,6.186919255,6.618670302999999,4.810361765,0.0,0.39554756700000004,6.436801375,6.136958535,0.0,4.509406043,1.0
NBMrunxG1,6.837800936,1.845530396,0.0,5.285438468,6.06891979,6.170545956000001,0.688393945,1.722407139,1.192587591,0.0,6.186577323,5.906923836,4.835207629,4.704409943,5.282971456,5.390872487,6.453558469,2.93795189,2.2803740830000003,5.841591805,1.0
NBMrunxH3,5.867507949,7.123516019,0.0,5.241347402,6.326711632,6.044171242999999,0.406320591,1.247634477,6.249946262999999,6.911890859,5.364253002,5.568739586,3.412438142,6.2217636679999995,6.534842182,5.39040508,6.430279835,5.775422635,6.083475932000001,0.0,1.0
NBMrunxE9,6.566537526,6.6044831639999995,6.377417365,2.69171075,6.088551064,5.7563582989999995,5.343475333,6.286134995,0.84881129,0.72381025,0.754099101,7.008556813999999,1.280103907,4.351236598,5.457366292000001,5.964151823,5.1273532589999995,6.518722717,5.214237409,0.0,1.0
NBMrunxB1,0.0,1.57988367,0.419771138,5.309954666,7.139380915,5.376242359,0.540052082,0.0,6.946095946,0.841018122,5.608758387000001,0.86722178,6.886194676000001,5.863075029,1.772410515,5.622451827000001,6.430725252,6.131757845,0.0,0.666054195,1.0
NBMrunxD5,7.110717127999999,6.016917026000001,6.470460274,5.738190587,6.7011125289999995,0.0,6.897849604,5.629055977999999,5.67019436,0.323228673,5.380118157,5.593789245,5.792931202999999,4.8215503580000005,5.86235317,6.0051253760000005,5.390168354,4.949576779,0.74114427,5.473535645,1.0
NBMrunxC3,6.619271679,0.993396976,0.0,5.67175077,5.585556519,4.905282535,1.303527464,1.3833557969999999,6.3063464289999995,0.68708074,5.364373399,6.086426145,6.622901754,5.2957043530000005,2.118551632,0.634454879,5.614376361000001,3.075239579,5.078288373,6.863654502,1.0
NBMrunxE4,6.213122128999999,1.2206913209999999,0.498802688,5.213707871,6.169175582,1.496361745,6.23654886,6.5003878760000005,1.117679034,0.968917076,2.289826488,6.8823252539999995,6.454550947,5.467024682999999,5.292601284,5.37449144,6.638246525,5.1776946530000005,0.0,0.776392595,1.0
NBMrunxB8,0.0,5.3927705889999995,0.301969552,5.083700552,6.309265965,4.625510603,6.104105785,5.897263047999999,5.997783122,5.432451896,4.676585183,6.792352221,4.47908392,5.649302072,5.715812572999999,6.441975627000001,5.086900762,4.53888929,5.792368572000001,4.742175198,1.0
NBMrunxA2,5.8397619579999995,5.600566211,1.116887476,5.6699026770000005,5.956748248999999,6.742752017000001,1.090297805,5.407821283,5.642596874,6.372593962000001,5.026065591,7.125319304,5.503471837,5.384537037,5.238318357,6.459143469,5.832315488,5.983598538,5.153302817,1.543105126,1.0
NBMrunxA4,0.0,6.493031922,1.369744418,1.662155896,6.107198067000001,5.720229105,6.838304593999999,5.389829196,0.0,6.106096066,3.2540300810000002,6.250091704,6.145266932,5.615707845,5.411198069,1.878604786,5.240370277,3.348736021,1.327654104,1.020625086,1.0
NBMrunxH8,0.0,3.30822309,5.2985781219999994,6.32919228,1.111907585,1.526763347,1.196347211,0.619018976,1.663773859,0.0,1.967220989,6.650529287,6.614773857,1.215509243,1.131172105,5.623941254,6.155720852999999,4.146397049,1.773868351,6.4371409989999995,1.0
NBMrunxE3,5.781500219,6.108010585,3.5960878039999997,6.177926867,6.248641581,5.939349038,5.37217855,0.6438499670000001,5.954017374,6.236438036,5.350477636,6.243284301,6.027825601,5.5203927770000005,5.1356513889999995,5.878847277,6.924868825,6.21536294,6.220916368999999,6.680595566,1.0
NBMrunxD2,0.0,2.385399322,3.1316186439999996,5.8182679760000005,2.691459509,3.378913344,0.938400509,7.284828397,5.919988057,1.9066488940000001,1.8218030580000002,1.299042153,2.9184263969999997,1.29884366,2.08888654,5.8420358,6.345295363,6.6231721839999995,0.0,6.119902325,1.0
NBMrunxF9,6.511002252000001,6.354327219,1.489118874,5.997214662999999,6.402530091,5.169116567,6.167596297999999,5.438078036,5.300068573,1.359238163,4.5831467539999995,5.579203696,5.87614058,4.863673473,1.5200613509999998,0.0,5.988513855,6.068430102000001,5.829187188,5.487692262,1.0
NBMrunxC5,6.469633662000001,6.460637845,0.0,0.5241689860000001,5.478270865,5.995997459,0.663983351,6.520112392000001,6.355540839,0.46904985299999996,6.1074521520000005,5.964598623,5.582843223999999,4.628027901,6.009899607,5.689239827000001,6.644277774,6.611977972,5.392356147999999,5.434216864,1.0
NBMrunxA1,6.674446895,5.670538919,5.68477797,4.524039561,5.916584524,6.14689793,1.149075857,1.609823038,0.538581283,7.361296874,1.11557961,6.728425412000001,6.027747755,5.07687182,5.416285247,6.021966996000001,6.702109217,5.234928196,4.85076866,5.699604272,1.0
NBMrunxH1,6.699774316,5.513382859,0.7508613590000001,1.901988156,5.130002079,5.606790441,6.177447631000001,5.540591925,5.109806002,4.95386529,5.718643264,6.149590132,5.868379119,4.389326795,0.0,4.972091667,6.528854931000001,5.767697601,5.0438158369999995,5.866667961,1.0
NBMrunxA7,0.0,3.419039911,5.9060050120000005,5.486618835,5.967846196,6.579675055,0.303118755,6.561636618,0.0,6.381437858,5.267074885,6.293917307999999,5.462692692,6.44126558,5.955462204,3.6256454860000003,5.463275023,6.071709997999999,0.0,0.0,1.0
NBMrunxE1,0.0,6.705154929,4.580462875,5.687188289,5.860949291,0.9658427509999999,0.811188737,1.2005929309999999,5.345578042,6.235845819,5.216574888,1.145077173,4.581426948,5.588500008,1.063264734,0.0,4.382083798,5.255402727,5.900880406000001,5.177973156,1.0
NBM_ERCCB1,6.5148449610000005,5.831809542,5.076574082,5.461457816,6.102185325,6.713536801,5.378899385,0.298251269,5.4751493810000005,6.549024005,6.207846683,1.115671834,1.260654143,6.0864425,5.348898898,5.346852554,6.67208675,6.793265943,5.373099573999999,6.38819624,1.0
NBM_ERCCC6,0.0,0.773880265,5.8455407820000005,0.329809494,0.966545347,6.619662769,0.313745142,0.0,0.6174113410000001,0.292179289,0.0,6.727541494,6.5270177,6.812430634,0.60869438,0.0,0.0,6.027617794,0.0,7.406591692999999,1.0
NBM_ERCCA6,7.043655918,6.633902418,0.600045711,0.468952255,6.1229922960000005,0.0,6.776412637999999,3.32224584,6.535247983,1.415367314,0.0,6.654048692999999,6.475333109,6.288776312,0.0,6.2121064960000005,7.181107288,7.553369931000001,0.0,0.557328212,1.0
NBM_ERCCC4,7.2125143839999994,6.6698753260000005,6.3191747639999996,7.004984822999999,6.933932523999999,0.9047694390000001,0.756568515,6.1178559020000005,7.226754214,0.870652332,0.0,7.3131308729999995,0.614438954,6.103670429,0.619085277,5.804899149,7.466861928999999,5.841720208,0.0,7.123185404,1.0
NBM_ERCCB4,6.709544504,6.924801849,0.5406885889999999,6.865673556,0.0,7.034070826000001,1.5970349259999999,1.0396387409999999,4.460954066,7.002044303,0.0,6.141393122999999,1.168260079,0.988235523,0.0,0.9655118309999999,7.908572286,7.188631297000001,0.0,7.000241055,1.0
NBM_ERCCA4,6.8965803160000005,1.51341372,4.999406738,0.0,0.0,6.1421451320000005,0.740425925,6.893139589,0.0,1.230761653,0.0,5.054395593,0.40132912299999995,0.9174860990000001,0.0,0.30917426,5.968320972000001,6.610273987999999,3.874291997,6.560820949,1.0
NBM_ERCCG5,7.55142349,0.536116255,6.062690683,0.0,6.875130081,6.809362212000001,0.840657607,0.903505126,1.23647422,7.998814003,0.0,0.291699859,0.0,6.363453268,4.006275285,0.361387904,7.245776652000001,6.539205616,5.975797527999999,7.078223254,1.0
NBM_ERCCC3,0.0,0.7518883829999999,5.682865509,0.0,1.543712061,6.545349691,5.67376434,0.770171672,7.3188037470000005,6.356633055,0.52696467,6.299072515,6.23744895,5.727112009,1.345861716,0.86536867,6.912355128,6.712885339,0.0,0.0,1.0
NBM_ERCCF4,0.0,1.162646868,0.0,6.079393989,6.302906158,0.0,1.9638177369999998,6.015586619,0.0,6.178721155,6.093990401,0.751111223,2.487648046,1.089162696,0.0,0.854039035,6.306140667,4.401770305,6.867747615,0.0,1.0
NBM_ERCCD6,0.0,6.7422099189999996,0.0,0.48298390700000005,1.277750179,0.762186782,0.775357065,0.43421458,3.029255327,1.3073629709999999,3.37724669,0.0,1.091126896,5.9833446210000005,0.0,5.960802012,1.316278944,5.676904146,6.320641028,0.0,1.0
NBM_ERCCE4,7.475878187,5.735541547,0.21713953100000002,0.0,6.781843846,0.0,6.950193166,0.0,6.284347267999999,7.277286159,0.0,6.0645102,5.866121041,5.427737694,0.0,2.952089752,6.238332392999999,6.969595373,6.587734362999999,0.6313594570000001,1.0
NBM_ERCCA5,0.0,6.736809826,6.679942581000001,6.367671265,7.256080795,5.809624381,6.035692966,0.0,1.425259513,1.561327224,1.184874501,1.28848117,6.372483009,0.773509039,5.816329543999999,0.0,6.159488584,5.426377501,1.338664828,0.0,1.0
NBM_ERCCE1,7.3921573160000005,6.362055288,6.718238887,0.0,7.497264752,6.208682347000001,0.281658347,6.056472315,6.74844574,0.18207251800000002,0.308398193,6.27093347,0.218421274,5.11945802,5.704972849,0.306160936,7.428281318,6.713616344,1.026401519,0.453211918,1.0
NBM_ERCCF3,6.289044715,6.382615199,5.943823766,0.0,6.761400236,6.1536880510000005,0.792467288,0.0,5.8946896760000005,6.9899669179999995,5.9038377660000005,6.627016351,0.0,5.204981312,5.53146999,0.0,0.6621441029999999,6.472034698,5.916849378999999,0.587190196,1.0
NBM_ERCCG2,0.0,6.8799727410000004,6.495868977000001,5.901845057999999,1.4375789069999998,0.0,6.561118597999999,0.0,6.1140708870000005,1.100795213,6.073374956,6.485284755,0.597512752,5.186974052,1.7842846019999998,0.469912758,6.339208951,1.503207056,1.386112611,0.0,1.0
NBM_ERCCC5,0.0,6.414747367,5.531666359,6.067239794,0.0,5.577189428,1.178329502,0.942325868,5.338407434,6.760965313,5.986603041,6.187769264,5.55999819,5.130200731,6.896958074,6.253078425,5.67921688,0.516704456,0.0,0.0,1.0
NBM_ERCCH4,0.0,6.484444026,0.0,6.208007077,1.0826234129999999,5.922692715,6.746219114,6.366012702000001,1.403981104,7.207103823,0.9048516740000001,0.7586122190000001,1.382096814,0.56341844,1.101610037,0.547882412,6.400507332999999,1.6586454659999998,1.5924667540000002,6.532898104,1.0
NBM_ERCCD4,7.038892474,0.586687073,5.103417185,5.815161665,6.142059664,6.392690322000001,5.690318262999999,7.371467491000001,0.45962947299999996,6.03835475,6.4733140989999995,0.280296637,6.569244205,5.532785855,0.0,5.98461171,6.5380204520000005,5.635865872999999,1.299935427,1.298088476,1.0
NBM_ERCCD3,0.0,6.143148646,0.433788261,6.204824658,0.973666604,6.012247438999999,5.88695679,6.154868197000001,0.0,6.547949762000001,0.0,0.67196637,6.347047484,0.0,1.479507814,5.647578819,5.930304616,5.458350899,6.15499579,4.528863068,1.0
NBM_ERCCG6,0.0,5.995847597000001,5.744261011,5.978403526,0.0,0.0,0.946151568,5.382279177000001,6.02728422,6.02008838,0.0,3.34413547,6.6322824979999995,4.544567364,5.470125617000001,5.565486045,6.152255921,5.223363227,3.907960338,6.876513023999999,1.0
NBM_ERCCC2,6.829759295,1.25868786,0.8605898009999999,6.835815781,6.138324396000001,0.0,5.898322462,0.0,6.233800211,6.806502224,0.0,6.366755042,6.161222502999999,1.301278623,5.490538957999999,6.610044917000001,7.3751066860000005,3.72743857,1.46093047,6.117122815,1.0
NBM_ERCCG3,0.0,2.41651226,0.652765888,0.0,1.333332961,1.780713196,6.317309169,6.9157325929999995,0.0,1.7327364369999998,6.432073882,6.625933387999999,6.045418118,5.07615227,1.354453355,6.70991382,6.33964112,6.247365542000001,0.0,0.0,1.0
NBM_ERCCE5,0.0,6.283077075,6.062424328,0.76565475,0.0,0.7221366990000001,6.83710147,6.050040172,5.761670164,5.784540007,5.815245471,0.749166753,0.7981257429999999,5.0600464039999995,0.0,5.97278314,5.798240162000001,6.052896069,6.02355289,0.540681919,1.0
NBM_ERCCC1,0.0,6.202976296,0.413732699,0.557228119,7.046085217000001,6.2324055970000005,0.301407549,5.140604348,1.237125392,0.830979989,0.0,1.181751886,0.0,3.292442874,5.326745646,0.7709963809999999,5.899716036,5.25909202,0.0,5.980001643,1.0
NBM_ERCCE3,6.322573308,6.271350009,0.7348092890000001,0.582002627,0.9730362459999999,0.0,6.824097455,0.0,1.002907831,1.319961304,0.0,5.702513226000001,5.894842767999999,5.201399799,5.677822042000001,0.479379211,1.49765581,5.424247835,4.567842894,0.685377021,1.0
NBM_ERCCE2,0.0,6.923016262999999,0.0,5.967885619,6.043071983,0.9714806420000001,4.754344532,0.577228153,1.081755086,0.5736185570000001,6.675507561,6.271534394,6.541349327000001,0.0,1.069223163,0.5275429939999999,6.23838175,6.160675449,0.0,0.649279947,1.0
NBM_ERCCF5,0.0,6.18540795,0.79123074,6.819450896,5.934595999,0.96151157,6.649233282999999,4.891881178,6.18908127,1.398531601,6.034155038,6.207352093,5.27685811,5.783936075,6.84430955,6.619570273,0.0,6.384711059,1.4857707869999999,0.6416280129999999,1.0
NBM_ERCCD2,0.0,6.015111897000001,5.301801983,6.868109323,6.017157786,6.049059655,6.412137737,0.625238259,6.277183556000001,1.148635028,0.0,7.02442089,5.534293807,0.336957151,4.527095692,6.689365839,6.5429682929999995,5.880224267999999,1.122839964,0.481436187,1.0
NBM_ERCCB6,0.0,0.827315565,0.0,5.79174151,1.135863327,6.151766655,6.441016707,5.3155693610000005,1.8782810140000001,1.509197844,0.95291174,6.149910789,6.493727334,6.495452501,1.155349271,5.723283463,6.0648278829999995,6.356933484,5.659897718,1.260950497,1.0
NBM_ERCCH5,0.0,0.999293019,7.361941795,1.620702584,6.119881096,6.118152967,1.698233862,0.0,5.614728389,6.969682193,7.283641144,5.109371262,1.669009381,6.505961175,0.0,1.133531122,6.643562874,5.550236742,0.0,2.070606145,1.0
NBM_ERCCF2,7.340149262000001,6.457725514,1.070980968,0.8023534390000001,6.827982293,7.442501324,1.845478049,7.580418096,2.1281427269999997,1.143580216,6.623067484,7.623682615,7.064078191,6.912986705,6.075968494,6.314022608999999,7.135889742000001,6.4294420389999996,6.78530334,0.0,1.0
NBM_ERCCA2,0.0,5.241189492,0.0,5.668833321,5.61120552,6.300239927000001,5.968840692000001,5.388777371000001,5.951415006,7.24846315,6.058031105,6.851925248,6.187694079,1.108806484,6.256334927,5.853797861,4.823474433,0.0,6.500756662000001,1.419290671,1.0
NBM_ERCCB3,0.0,5.736514895,5.793093081,1.807358011,6.060991405,6.76436949,6.141786961,5.8253636879999995,5.435048715,6.5602034289999995,0.0,7.286042675,5.719179217000001,5.7745801629999995,6.40281852,0.993496884,7.111771843,5.738971941,6.014230091,7.152952063,1.0
NBM_ERCCH3,6.478160817999999,6.226026699,1.0706848279999999,5.216962647,6.394745407,6.160342904,6.117997092,5.723142519,6.1112697339999995,6.880918511,5.424035516,6.301167505,6.682072568,5.672056322,6.342351871,4.991665197,5.519118727,6.801173285,5.350917996000001,0.0,1.0
NBM_ERCCA3,0.0,5.93044946,6.635047382000001,1.0594491529999999,1.7519435559999998,5.4726262210000005,2.1963282630000003,1.4671825330000001,5.595571945,1.7287157709999998,1.756029989,1.9262034609999998,5.780239243,6.059763761,5.122378647,6.096826216,5.54803676,5.907382376,6.256087032999999,1.0648531940000001,1.0
NBM_ERCCD1,6.186825226,5.48671428,1.06479534,5.965754887999999,6.044632808999999,5.592013285,6.627918407,0.47343049,5.581658636,6.320549451000001,0.0,6.541060597,5.871604361,5.086764585,5.568386942999999,0.961535044,6.817665031000001,7.129240584,5.242111897,6.269534231000001,1.0
NBM_ERCCE6,6.641715121,5.306542473,5.736513297,0.0,1.221213315,5.2525603489999995,5.286584347,0.0,0.812675932,0.6913330259999999,0.0,5.989301656,6.431229295,5.098749152,5.763368465,5.841045522000001,5.946963695,6.784189811,5.533231488999999,6.493165584,1.0
NBM_ERCCF1,6.440533276,5.829819477000001,0.0,1.151983437,5.807001251,0.0,1.520158671,0.0,1.2136903270000001,0.662670661,5.6700693189999996,5.80299432,6.185955551,4.779370582,0.0,0.61139547,4.786977648,6.3277159560000005,5.9626193370000005,6.604792077000001,1.0
NBM_ERCCB5,6.602557603999999,6.621219992,0.5238833970000001,5.8016962329999995,6.57289154,6.560492528999999,1.344408623,5.325379973,6.870951418,6.223635777999999,5.085121942,6.235141506000001,6.443728622999999,6.177740051000001,5.620913167,3.040031475,6.771425267000001,5.964674066000001,0.0,6.095139057000001,1.0
NBM_ERCCB2,6.474862744,5.280248532,0.937302745,6.443621295,7.028094761,6.072824497999999,6.358596952999999,5.493742662000001,6.751682347000001,5.377633262000001,5.163547457,6.175598984,6.30525568,5.145549675,6.420704187,0.5744852220000001,6.232747483,6.02677535,0.0,6.372022324,1.0
NBM_ERCCG1,6.765019054,7.183127432,0.7955576990000001,5.895530804,6.987918592000001,5.098928153999999,5.742955306,6.110002561,5.224090036000001,6.350290345,0.9663989279999999,6.607962647000001,1.057253829,5.199037969,5.99489643,5.802351697000001,6.574474201,5.704473585,4.561748801,1.165029545,1.0
NBM_ERCCG4,6.411565454,5.999676186,5.782119271,0.615034519,5.789684024,3.610261656,6.309265515,3.149483582,1.0499774929999999,6.065011672000001,0.0,6.622009721,5.560353957999999,0.0,5.785118581,1.0938216729999999,5.8019997960000005,5.406335225,5.702464899,5.734312435,1.0
NBM_ERCCH2,0.0,5.994523182000001,2.676943724,6.51864713,3.739559873,5.2061100410000005,7.00945964,6.146270159,3.7860484089999997,6.602597519,0.0,3.214358535,4.155259035,5.715349224,3.767463695,3.456363855,6.309327633,5.059858538,0.0,4.313666867,1.0
NBM_ERCCH6,0.0,2.503318614,2.208305464,2.914956432,2.9668694739999997,4.7904728610000005,6.984424721,5.605846067000001,5.604373309,3.904743535,3.3598007780000003,3.468659901,1.98213913,5.1772474939999995,6.10890029,5.963550071,5.7566071029999994,6.502300634,6.118384396000001,0.0,1.0
NBM_ERCCH1,0.0,4.074949666,3.0853880310000004,6.130490142,4.717012802,3.759958552,6.1533705,2.034953217,4.327085533,4.536477919,6.166248014,6.562305345,5.459015529,4.999042985,3.9095592960000003,3.597315239,6.538262279,5.204224602,5.551640374,5.8119561189999995,1.0
NBMG5,0.0,6.155034289,4.944136937,5.84508104,5.858607322999999,5.430422942000001,5.8589083529999995,5.958699822000001,5.734728456,4.531569078,0.0,4.060247188,3.37024004,5.104989561,6.9111715160000005,3.349009825,0.0,6.217401688,5.795296839,3.806159141,1.0
NBMG3,0.0,6.142090196,0.0,0.0,5.946605829,6.32253313,7.091743476,6.699986244,6.270388731000001,0.306288214,0.0,0.318529169,0.505071646,5.113997406,0.633942379,0.393464728,0.472888619,7.054605132000001,5.980314093,4.73730298,1.0
NBME2,0.0,5.41248311,0.0,5.715150952,3.5925956610000003,6.0968486660000005,5.9524109979999995,5.17905133,6.547757785,6.554745992000001,5.635192216,5.999114017,5.459230565,5.530773896,0.0,5.648592552,6.911007924,5.381734716,4.882018229,0.0,1.0
NBMF5,6.74267625,5.737250809,0.0,0.0,5.384151419,5.079140882,2.434592183,6.065598959,6.3183679470000005,0.294436056,0.0,5.3149257080000005,5.177227751,2.261565131,5.8728660779999995,5.353420733,5.070588905,5.557384736,5.328465003,5.944324957999999,1.0
NBM_91E6,6.709044886,5.657661021,6.374738163,5.468509704,5.4733649579999994,5.678989195,6.983575491,6.024092018999999,6.376438779,5.323996197,5.641811237000001,6.036924872999999,6.459680961,6.089808743,6.438089398,5.9758472970000005,3.187045375,5.899294847,7.027412313999999,0.646190779,1.0
NBM_91C6,7.473810122000001,6.929126588,0.0,6.24829542,0.0,6.0244838110000005,6.8498133779999995,0.0,6.240235547999999,6.29616153,0.0,5.912136831000001,6.305205241,4.072613251,1.008392229,0.0,7.138484709,5.674081065,0.0,0.0,1.0
NBME5,6.421699181,5.568019024,0.0,5.3571531089999995,6.198748219,6.17624303,0.17309982699999998,5.0482545,0.0,0.0,0.0,7.1717432279999995,6.260374077000001,5.06053592,5.546202077999999,6.00437998,4.30939319,6.084394613,4.379663121,6.37899529,1.0
NBM_91E5,5.316566418,6.473226757000001,4.359917277,5.915653377999999,2.73397563,0.6819729940000001,0.694186745,6.198917971,5.366350109,5.868226797,4.742973095,7.720221049,0.560712091,5.650228754,0.0,0.243601464,0.41798570399999996,6.883080181,5.887665752,6.354523171,1.0
NBM_91D3,0.0,6.443457952999999,0.0,1.593409008,5.468348562,6.248209687999999,0.501606698,5.2324904839999995,5.657094496,5.763549522000001,0.0,0.0,6.870441927000001,4.562644147,5.129100661,1.5982908340000002,6.597969835,4.5208577430000005,5.660259418,5.708973802,1.0
NBM_91H2,0.0,5.795345633999999,6.790692267000001,6.13735597,5.731342807000001,0.0,5.986696553,5.279102273,6.034761822999999,6.369113914,0.726411245,2.518266686,5.323862548999999,4.296806267,1.364851291,5.50565234,6.708718192,4.434335788,6.048543372999999,6.768737569,1.0
NBM_91F1,6.7069810620000005,5.454815357999999,0.0,0.0,5.925406734,4.972439248,5.899930539,0.0,0.0,5.80660185,5.184266278,5.64036012,4.795024342,4.897923792,4.617497654,0.0,5.301992473,5.297841593999999,5.326746151,0.0,1.0
NBM_91B5,6.93669343,0.0,6.44919886,0.0,5.595392629,5.426892399,5.85841707,6.27240969,5.629615656,0.0,5.313865485,6.6428083739999995,4.455170933,4.760360228,4.9852519,0.0,6.602463907000001,4.906766206,5.7049519989999995,5.873658895,1.0
NBM_91F5,6.827267168,5.822090622999999,0.0,6.026414257999999,6.275281126,0.0,0.0,0.0,6.101105882000001,0.0,5.462855306,5.853784232000001,0.0,5.143497567,5.232808636000001,0.338438453,0.0,5.13239372,1.391447457,5.830980096,1.0
NBM_91D2,0.0,0.0,5.70041804,5.316320815,5.34795484,5.542474017000001,5.591410262999999,0.0,6.215812041,0.0,0.7323043140000001,0.367560805,5.535302862000001,6.073280564,4.873167681,5.269273299,7.009287735,5.763610001,0.0,5.768152502,1.0
NBM_91E3,6.47650603,5.048260382,0.0,0.0,0.0,4.012719764,6.376061797999999,5.29782093,5.183622449,6.154183397000001,5.506313681,5.234904265,0.0,4.02189639,4.2266255280000005,0.0,6.269694315,3.603034985,0.0,4.151372127,1.0
NBM_91D5,6.636819364,5.842445197000001,5.825187742000001,6.069700446000001,5.124481811,0.0,1.1441909909999999,5.303271538,0.0,1.59751341,5.7812271079999995,6.164994331,5.552613871,4.25763245,3.5097422789999997,5.231831726,6.46030821,0.0,5.45390606,5.629893416,1.0
NBM_91A5,6.902522415,5.3583269289999995,3.519634439,0.9761506409999999,5.928812082,5.882756744,6.448756329,5.904784202999999,5.387159333,6.243007906,4.234205179,6.172991637999999,5.98844972,4.707778608,6.108902942,0.0,5.807195075,6.685623787999999,0.429764672,5.461875305,1.0
NBMD5,6.9989906920000005,1.5171645519999999,0.0,5.231379409,5.020866035,4.53299282,5.6501961089999995,6.064980875,1.281607846,5.428374656,0.0,0.673947727,0.6111689570000001,6.160189162999999,4.745381581,6.3131998529999995,4.118590032,5.479369491,0.0,0.59520833,1.0
NBM_91C2,7.192906916,5.637235865,0.0,0.0,4.780673579,5.906571334,5.792079900000001,5.3588417239999995,5.456833152000001,6.195461381,6.50376735,6.196472679,5.921224356000001,5.154628956,5.676629556,5.261717205,0.34378324299999996,5.408435671,5.422301305,0.421100611,1.0
NBM_91G5,0.0,2.140869922,0.0,7.336231312000001,6.242021982000001,6.054910037999999,6.262249381,1.685934935,0.0,1.679218649,6.145197065,1.3970639999999999,0.0,6.71477487,5.676096744,1.59157043,7.45171496,5.594201003999999,0.0,0.0,1.0
NBMH2,6.493205766,4.667453603,5.852942919,4.823294626,0.0,0.0,0.21302579,4.802291016,6.122583342,0.0,4.8729432930000005,5.016201023,5.408642348,3.462814794,4.352350421000001,5.204862564,5.774153991,6.035649508,3.856515765,4.9438045,1.0
NBM_91C5,6.8418376929999996,5.948951526,5.705188382999999,4.76650656,5.425171731,5.787845446,6.5011339889999995,1.014746746,6.199897916,4.993923803,5.727006447999999,5.099464806,5.3159078410000005,4.588440418999999,5.653513200000001,5.802312718,6.68638364,5.631457703,2.878736084,2.22279311,1.0
NBM_91D1,6.793986102000001,4.4673717,0.264471764,0.0,6.125723006,5.255428697,5.986243558,4.938241229,5.283292994,0.0,4.758810969,5.402518196,6.710579641,0.304505232,4.569060482,0.295065659,6.33506806,5.527607419,5.79466677,5.304185518,1.0
NBM_91B2,0.0,0.0,2.320071466,0.0,0.0,0.0,0.9457433740000001,0.0,0.0,7.253660881,0.0,1.618811084,1.513990199,3.945109009,0.0,0.0,0.0,0.0,0.0,0.0,1.0
NBMF2,0.0,5.756861959,0.912640296,0.0,5.74649608,6.473996805,4.09209828,3.5611605230000003,6.782320176,0.6638758339999999,0.0,6.366961187999999,6.878186265,4.160533084,4.354062187,4.551833209,6.841398817000001,6.074052213,3.555886221,5.7473618989999995,1.0
NBM_91A3,0.0,0.0,0.0,6.17993235,6.207253647999999,5.539905977999999,5.193253591,4.955761753,5.7086676370000005,6.253883393,5.210868005,5.436104998999999,5.017471509,4.938650653,4.7885714639999994,4.739348354,0.0,5.243392298,0.904069035,0.0,1.0
NBME3,6.818335292,0.0,1.589211248,0.0,5.498334355,5.688697455,6.847070846,5.314397808,6.935154498999999,5.809499284,0.0,5.926884514,6.177071121,0.0,4.759237705,5.410394064,2.520604833,5.952465557999999,4.754221445,5.417584025,1.0
NBM_91F2,0.0,1.414194402,0.0,0.8003577140000001,5.868648597999999,7.00749789,0.456403564,1.6669156280000001,6.266173864,0.0,6.623300675,6.266871197,6.208709831,6.862803492,6.8653354360000005,6.44501464,3.8270144939999997,7.701949761,7.137786814,6.910509296,1.0
NBM_91B4,6.291947917999999,6.352419679,5.796394339,5.264763264,0.0,4.3424889339999995,4.106198158,5.312122178,0.0,0.0,5.172110301,5.920226753,6.246110077000001,4.8238250780000005,1.8249144130000001,0.0,6.114479993,5.237429475,0.0,0.0,1.0
NBM_91E4,7.111122243,5.595792597000001,6.0657013289999995,2.341249263,5.993105872999999,6.666276797,5.327968896000001,0.0,6.602034177999999,6.527100292999999,0.0,6.039384792999999,6.003733241,0.0,4.74916768,0.0,6.876248617000001,4.6558464530000006,5.247103883,0.0,1.0
NBMA5,6.330852975,5.192053952,5.6157129029999995,4.7345593930000005,6.391657277,0.0,4.074927447,5.794699417,4.774437608,5.486228432000001,4.6339796269999995,6.387723752,5.9593131139999995,5.167183825,4.657384135,5.50116079,6.26400616,6.105957929,5.197478396,6.489334692000001,1.0
NBM_91A2,6.58949847,1.5921172140000002,0.202836657,5.986923303999999,6.173614005,6.399674586000001,6.437368113,5.824059862,6.001832943999999,5.123125905,4.777033037,3.852502641,5.63733799,5.76871793,6.071724477,5.493832955,6.816910937,5.340621748,5.629689781000001,5.895041749,1.0
NBM_91F3,0.0,6.018044902000001,0.0,4.804541456,6.331136945,5.777339882000001,5.667320007000001,6.182044641,6.022700161,5.926561445,6.518096243,6.50652941,5.149680257,5.434619379,7.000694372999999,4.557051846,6.074528272,4.680920171,6.040541542000001,5.51810899,1.0
NBM_91C3,6.695044442,0.0,0.0,5.401030043,5.45354679,5.541630704,0.734787932,2.840110441,1.562764609,5.735651967999999,4.889815812,4.510108333,5.2026074719999995,5.080378295,0.0,5.116571655,6.343946617,4.452721112,2.105800591,2.636814089,1.0
NBMB5,6.582454237,5.928070964,4.745841451,0.6798408990000001,5.708276565,5.408177515,0.0,5.366663092,5.675094939,4.975002562,0.0,6.627933474,5.970523131,4.9147012530000005,5.422868675,4.33174775,5.579437402999999,5.264056619,5.631129046,6.027031061000001,1.0
NBM_91A4,6.856910411,0.527174889,3.2870087110000004,0.0,0.0,0.0,0.363242629,4.761219828,6.6528448970000005,4.6994526510000005,5.931319437999999,0.139799537,5.6938249039999995,0.0,5.172103752,0.0,6.227589074,5.955071299999999,0.0,5.927711016,1.0
NBM_91G3,0.0,0.0,5.4599287620000005,5.2039977969999995,4.98820396,4.981697409,1.97129245,5.131668895,0.0,2.1502636369999997,1.6134383490000002,5.89401237,5.799818844,0.0,2.9824896969999997,5.760184692,6.593901327,6.885074311,0.0,5.353755718,1.0
NBM_91F4,6.975155665,5.481194489,0.0,6.331758845,5.768580552,6.306819462000001,6.341978049,5.866151312,5.4565183589999995,5.904315023,4.917536114,6.399901065,5.21402149,4.5860532460000005,5.328881954,5.670917992000001,6.318202969,6.03565529,4.790503443,6.178997817999999,1.0
NBMC5,6.917911448,5.61166164,4.543473959,5.389735245,6.292619004,5.45103675,6.163174375,5.742431541,5.599692716,4.886989045,5.767612397000001,5.868178534,6.132585966000001,5.343283958,6.720173487,5.370425533,6.947309989,6.097807601,4.719921117,0.0,1.0
NBM_91E2,6.751101961,6.274155486000001,0.311170286,5.340283103,6.17253208,6.833116586,6.042783643,7.05429487,6.0477572120000005,5.931168802,6.2549443689999995,6.592508164,5.353671041,5.887914423,5.020019961,3.976839085,4.342519022,6.50499749,5.230003824,6.384344717,1.0
NBMA3,0.0,5.115893664,0.0,4.335650546,6.478876499,6.018339472,6.050562792000001,4.710495207,5.070828152,4.6375500380000005,5.398355912,5.896856636,6.447721307,2.7175402660000003,6.80106519,5.527133931,5.924634662999999,5.742006312000001,4.474833775,4.004231996000001,1.0
NBM_91B3,6.144832022,6.388029982000001,4.721213654,3.2618405389999996,5.2025105069999995,4.018171117,6.392171225,5.282249003,5.617971913,5.144135574,5.80148244,6.387161861,5.981018447,5.436155125,5.8812345729999995,4.415861368,6.697138707000001,6.107000945,4.240575474,3.637108378,1.0
NBM_89D7,0.0,6.055051595,6.945796105,0.0,5.726130574,5.822168218,5.2502777830000005,5.495748142999999,4.223972075,4.765567325,5.041147493,4.7491726430000005,4.836105658,5.7356101310000005,5.212599888,2.38644485,6.579484141,5.7209837960000005,4.851727566,6.173554655,1.0
NBM_89H10,6.346748397000001,5.534734331,0.3454875,0.0,5.298645381,0.0,6.700209414,5.141032602,5.057827144,5.93117166,6.52023533,6.233869669,0.0,6.131250509,0.0,0.383796717,4.498597095,4.561775957,0.0,5.681483501000001,1.0
NBM89_NEWC3,0.0,0.0,0.0,0.0,5.5991226560000005,5.865741559,0.910482892,0.0,4.741559903,0.0,0.0,7.141804221,6.498630642999999,5.242045812,6.358713976000001,5.693902351,5.534611568,4.788830644,5.467708061000001,6.093602198999999,1.0
NBM89NEWH4,6.352227062000001,1.420267132,0.702734945,0.6876145,1.118906664,1.853345847,6.923359186,7.2988007239999995,5.844405505,6.9016951529999995,5.4850471160000005,6.973377885,4.784549465,4.817359262,6.316420621000001,6.010643866000001,7.163553318,5.12541726,5.314059738,0.48028523700000003,1.0
NBM_89F11,6.398367948,1.73370731,1.4383601480000001,0.939662542,2.014900829,6.561065084,7.141120034,1.628484075,6.461588544,7.186378313,1.353259059,1.3441066990000001,1.461079091,1.798105435,1.46884042,0.795013374,7.5707864339999995,6.374549911,5.405560101,1.43412588,1.0
NBM_89H7,6.707218517,0.0,6.326304587999999,0.0,0.0,5.055322705,6.05093453,0.0,6.830560339,1.7018312080000002,5.603489279,0.0,6.767166405,4.978840841,5.161836334,0.0,0.0,0.329756146,6.606739988999999,6.003655025,1.0
NBM_89F10,5.47294783,5.392806912,0.0,0.41822335200000005,5.396928523,5.418874971,6.041488227,0.0,5.207440007,0.37225327799999997,0.390639678,5.94368994,5.486308116,5.252056704,5.766881301000001,0.0,6.231499618,4.651333738,4.230473259,0.0,1.0
NBM_89A8,6.787930715,0.0,5.933095258,5.476272281,6.2077382189999994,5.962797058,0.0,5.438714129,5.688985754,5.827679397000001,0.0,6.86130085,5.561573155,0.25338793800000003,5.858358766,5.49841408,6.69600788,6.383702792,0.0,6.864912925,1.0
NBM_89H9,0.0,0.6723314970000001,0.365110785,0.0,0.848832464,5.362019822,6.266680807,0.0,0.531241038,0.7486279379999999,6.3355490979999995,0.0,0.0,5.0038090639999995,0.0,0.0,6.240661706,5.271086888999999,0.0,5.986548415,1.0
NBM_89F9,0.0,0.0,5.1605119969999995,0.0,2.646405367,1.8688952280000002,5.9269888239999995,0.0,0.308682943,5.310412698,3.72675529,4.63744318,0.301032912,3.03391161,0.0,0.229292112,3.787529137,2.1844131509999998,0.0,0.0,1.0
NBM_89A9,6.940979375,5.640530785,5.004396487,6.173621299,0.0,4.817056561,0.600102085,5.5593345560000005,5.753998942000001,5.793294088,0.0,6.044901361,6.43150607,5.796614162000001,4.920893253,0.0,4.390876551,4.6434201239999995,5.451542623,6.918917072,1.0
NBM_89C9,5.422772827999999,0.467709628,0.242225131,0.0,0.0,3.070847422,0.821159537,4.465167415,4.963839745,0.0,3.514212104,0.0,0.0,5.991539255,0.0,0.0,4.687235211,4.9639612060000005,4.805506158,0.0,1.0
NBM_89G9,0.0,0.0,5.255690746,0.0,5.429390735,0.0,7.042456766,0.0,4.8313686460000005,6.049140695,4.790999191,6.291182964,0.0,3.5483280739999996,0.0,6.003201171000001,0.0,0.0,0.0,0.0,1.0
NBM_89G11,0.0,0.485374097,0.252435447,0.0,3.71537765,3.6151827080000003,5.647767403,0.0,5.753500692,6.604750547999999,0.0,5.747534067,6.1705190960000005,2.902467152,4.583069425,5.507202507000001,5.013486107,5.086361618,4.426193576,5.420251974,1.0
NBM_89D8,7.199184438,0.0,0.0,0.0,0.0,3.166921915,6.108166422,0.39986202200000004,5.757002685,0.0,6.269912065,0.29283948,5.989296448999999,5.493785324,0.0,0.6283761529999999,0.600269429,6.5510047160000004,0.0,6.283125482000001,1.0
NBM_89B10,6.1433523779999994,5.501826416,0.0,5.351098507,5.760336278,4.601480752,6.01899533,0.470988939,5.421677067999999,5.7782179760000005,0.0,0.34806547200000004,0.0,0.0,4.351803019,0.42858715700000005,5.781109097000001,5.758140817,5.649610849,0.618688821,1.0
NBM_89C8,0.0,0.0,4.2248675989999995,5.203514021,5.230006872,5.017336708,6.056269244,5.621937443999999,5.428738762999999,0.0,5.881767805,6.010858788999999,0.855203468,4.4587303810000005,0.0,0.6890553690000001,6.098223178,5.403167373,4.9045149939999995,0.0,1.0
NBM_89E11,7.27774356,0.0,0.0,6.5148853529999995,4.9606346189999995,6.352763537,6.215962133,5.918194988,0.377486049,6.126816023,0.0,0.0,0.0,4.844899941,0.0,0.0,5.125328557,0.0,5.167844057,0.0,1.0
NBM_89G6,6.706251397999999,0.0,0.298576461,5.6247988289999995,0.0,6.03082438,0.582037341,0.0,0.0,5.835572991,0.0,0.0,0.0,6.0027375329999995,5.11319938,5.673225877,2.02057008,6.150842455,3.0235082939999995,5.849543827000001,1.0
NBM_89E9,6.416714387000001,5.708964006,0.339123568,0.0,3.98278481,0.0,0.24460839199999998,5.410772314,0.0,5.712432601000001,4.957528054,0.0,5.44593375,0.38843813200000005,0.0,0.0,6.07323113,5.404489907,5.456537064,0.549624055,1.0
NBM_89B7,0.0,4.905639946,5.496532574,0.0,4.778772288,3.784171484,7.250638524,5.331349367,4.900951854,6.641498676,3.9037624460000004,0.7868036979999999,5.9309038979999995,4.705051395,5.236472447,6.280968937000001,4.327114016,4.249637215,5.264359848,4.259923639,1.0
NBM_89D9,6.039113313,5.4029558,6.362373376,5.095681633,5.018424782,5.471872622999999,4.5876853969999996,0.0,5.285658044,5.268804594,0.0,6.506276745,5.989034647,5.480707571,4.795956408,0.968687223,5.22298091,5.279571279,5.55074733,6.504572484,1.0
NBM_89D11,5.6389115510000005,5.707614088,6.132506475,0.0,4.602917505,0.0,5.648045338999999,0.0,0.0,0.0,0.0,6.072947438,2.7416208010000003,4.240802271000001,0.0,5.668300114,5.890351826,5.8235328,0.0,5.323367568,1.0
NBM_89A11,6.692530662,5.500557379,0.300870246,5.32817575,5.912093733,0.0,5.7386073060000005,5.504252471,5.543803392,5.761510316,5.13794971,5.719524343,5.371819414,6.0738964829999995,5.418969455,0.0,5.268627704,4.528468942,0.0,6.239476858,1.0
NBM_89C10,0.0,5.7157154310000005,7.009303148,0.793063209,0.0,4.500987104,6.027791317,4.261913363,0.0,0.718363883,0.0,0.0,6.733382586,5.176006704,5.149330113,5.370550116,0.0,4.50288121,1.261214335,0.0,1.0
NBM_89B9,6.776053357,5.784744549,0.0,0.697315221,5.533738715,5.4021648870000005,5.853480295,0.0,6.013067638,5.779222054,0.0,0.416175185,5.468033875,0.0,6.191822962000001,5.425901733,5.440793229,5.582922624,0.0,5.216593377,1.0
NBM89_NEWA3,0.0,0.0,0.26507667100000004,5.215292027,0.0,0.0,5.911784442999999,0.32704740000000004,5.407710046,6.189325788,3.202668335,5.7611277670000005,5.457749781,3.812273769,4.105866248,6.3513253160000005,5.790741098,4.582589536,4.874170032,0.0,1.0
NBM_89H5,6.256024442,0.0,1.252637023,1.865135077,1.566861233,2.040776113,1.665704167,6.364442326,0.0,6.7537485539999995,1.4697826980000002,1.164640608,6.770731343,1.370899523,5.7832815360000005,0.882467278,6.295395932000001,0.0,0.0,2.054599075,1.0
NBM_89A5,0.0,5.772295477,0.0,0.0,5.297801547,4.629691845,6.04268071,5.394143172000001,5.870560314,5.667174806,4.994372286,0.521875765,5.450488742,5.390909954,3.7360588289999996,5.318874383,5.052122572,5.313948555,0.0,0.0,1.0
NBM_89F8,0.0,6.281570174,5.982037479,0.0,6.1797111760000005,5.292439336,0.276708365,0.0,0.0,6.490853357000001,4.8636298810000005,5.7582349960000005,0.0,0.0,4.798517456,5.301018264,0.0,6.525339133999999,4.100028912,0.0,1.0
NBM_89G7,6.671467091,5.706265581,0.31391115,0.42964188700000006,5.33201156,5.629845671,0.5649696479999999,5.549692832000001,5.9779824470000005,5.870270392,4.682970974,5.821556055,6.058641317,5.654001479,5.7275590979999995,0.34929438799999996,3.938344765,6.089980217000001,5.353608171,5.118750777,1.0
NBM89_NEWB3,6.072577015,5.402307116,0.0,5.38616231,4.725818991000001,0.0,6.515735511,5.456722762,0.0,0.0,0.740608655,6.382916497,0.0,5.249919354,4.5467969660000005,5.550204441,5.212463099999999,2.9928303539999996,0.0,0.555708813,1.0
NBM89_NEWE3,7.206153627999999,2.614831202,5.440977761,5.645641713,0.0,2.065307881,0.777712831,6.2171103389999995,5.971944266,6.320120234,0.0,4.840080938,1.294279187,4.7610896469999995,5.454231813,6.020921365,2.624193087,5.516350796,6.486679551,6.203417572999999,1.0
NBM89_NEWD3,0.0,1.679776177,6.2988217529999995,6.713762064,6.218680331,6.506037781,1.438119495,1.268814619,5.354748542,1.2628911859999998,6.713631476000001,2.159535453,6.704622822,2.608486989,6.603695934,0.564187939,6.194630385,6.783864842000001,1.6230383430000002,0.0,1.0
NBM_89H6,6.89096868,2.8344825910000004,0.581340843,0.0,0.0,5.807033736,0.432561961,1.101876633,0.0,7.332930481,1.52729648,6.21965796,7.002967859,0.0,2.12630895,0.6386044670000001,6.935740562,5.01577133,1.22339676,0.888190448,1.0
NBM89NEWE4,0.0,0.0,3.787241772,5.442708122000001,5.360686943999999,5.998228949,1.340214918,5.753068551,0.0,5.658124357,5.992030237000001,5.666679421,1.4288423609999998,4.420184505,5.122267915,0.0,5.8109094720000005,5.234368432,0.0,1.5533580790000001,1.0
NBM_89D10,0.0,4.415673145,0.551937968,0.0,6.475550097,5.960489675,6.812469289,7.059827674,5.984141299,6.233242579,0.987443255,6.4775333029999995,7.30791257,0.623843109,1.193777284,5.698071926,6.500562597999999,0.796051596,1.643925417,0.0,1.0
NBM_89A7,6.3263494510000005,6.226829972000001,5.71210525,5.243202139,0.0,0.0,4.540188604,4.975509651,6.181050883999999,7.0419690070000005,5.874807241,5.778157032999999,4.930579732,6.564279804,6.018689364,0.0,0.0,4.368327009,5.209711298999999,5.529505329,1.0
NBM_89C11,6.570603717999999,5.826118713,0.557835572,0.0,0.0,1.098942021,6.3394559479999995,1.066054639,5.933975773999999,5.3544175030000005,4.639291839,3.033404093,5.989361241,5.273379605,1.203448902,0.990829913,5.153462748,5.413014445,5.3132932330000004,5.608908714,1.0
NBM_89G8,6.781478622000001,0.0,0.0,5.002599718,5.07819287,5.247123919,6.230865398,4.352851751,5.347451099,5.615590631,4.848367279,0.797615744,6.540332601,6.135835875,0.0,5.020979973999999,0.0,4.642769438999999,0.0,0.81323053,1.0
NBM_89F6,6.829447466,1.1939975520000001,5.672263236,0.7059578590000001,0.0,0.0,5.503544467999999,3.2809926480000002,0.986512475,6.688718794,5.817768257000001,0.0,4.8251843789999995,4.621890273,0.0,0.0,6.111884323,0.458764406,0.0,5.629629832000001,1.0
NBM_89B8,5.802070078,0.0,3.4839320010000003,4.39558984,4.484318357,4.504933209,5.568799865,5.272096591,4.829844391,5.773234083999999,4.220533196,6.225295042000001,5.651749553999999,3.939710341,5.049572997,0.0,5.6688859570000005,3.475271883,2.000764712,5.460641462000001,1.0
NBM89NEWF4,6.655577361000001,5.956714938999999,0.0,0.0,6.303843102999999,4.826826554,3.530880748,4.518991053,1.094282391,0.947363948,5.627772502000001,6.339938909,5.033516178,0.0,4.463404662,0.0,5.770373335,4.875070569,4.935969554,0.0,1.0
NBM89NEWC4,0.0,1.748162185,5.995489939,2.033116917,6.890257827999999,3.3506102269999998,5.902337407,1.7765877419999998,1.964031501,6.610372462000001,1.37018158,6.483750941,1.603039661,0.92016385,2.199082288,5.812183752,1.868223282,5.188297732,5.162784922,6.09888848,1.0
NBM_89E8,7.090038907,0.0,6.0445305320000005,0.0,5.742600326,4.711882188,3.7765253760000004,5.817332032,6.57347888,5.926202312999999,6.390877993999999,6.024415068,1.5879108819999999,2.068485649,5.4568536420000004,5.716371958,6.24435256,5.394587406,5.446346677999999,5.671327305,1.0
NBM_89H8,6.812651681,4.96087618,0.0,5.143821033,6.427000143,5.549407042,5.985882274,5.516820695,0.0,2.979035552,5.339040044,6.541598347000001,5.05989269,5.475612566000001,5.321182138999999,1.448231842,4.742653018,6.091652611000001,4.762219965,5.720770754,1.0
NBM_89A10,5.727046688,6.028913042999999,0.736486637,4.748636507,1.459208146,0.0,0.558032334,2.071574637,5.8846462729999995,1.6347525719999998,4.705233665,1.0717214179999999,2.044888468,4.1938257519999995,4.728653941,0.0,6.794018255,4.289455215,5.307051095,0.9646352990000001,1.0
NBM_89G10,6.395915558,0.0,5.155138783,5.018719235,5.30274844,0.0,6.634376381,6.3626714820000005,5.52523537,5.788304247999999,5.388504592,4.506719434,6.350348242999999,0.0,4.383381783,4.997832384,4.768444113,5.316158306,5.542168256,1.543043909,1.0
NBM_89G5,6.487127044,5.680631791000001,0.320210211,5.955879734,5.978590296,5.449110198,5.687997874,5.151736146,4.939461457,4.2910098130000005,4.9535065739999995,5.7927508979999995,5.640171266,5.02598371,6.236682035,5.130807777,6.847938561,4.444572646,4.425982856,6.48234991,1.0
NBM_89B11,6.768274701,5.069934462,2.311219028,0.0,4.638535557,3.973423954,5.378208562,5.654503488,5.0622512660000005,1.454378374,0.0,0.0,5.869365029,3.4507883839999995,5.497741801,4.978253175,5.722038119,4.959489204,4.430693091,2.547721217,1.0
NBM89NEWG4,0.0,0.0,5.223099456,4.837466406,5.734850401,4.6240001280000005,6.077704905,6.049452212,5.755708834,5.065874413,4.6787323469999995,5.3380000260000005,5.928165644,5.737236577999999,6.242423106,3.549638,6.0633073710000005,5.635077293999999,0.0,6.168934318,1.0
NBM_89A6,0.0,6.208259311,0.0,0.8226809429999999,5.673518393999999,4.832683464,6.116464092999999,5.801512915,1.884272996,5.1652340080000005,6.367587228,6.932961085,6.0932192810000005,5.7705255520000005,6.36560976,0.690343445,6.273622264,6.842669392,5.143927489,5.250812285,1.0
NBM_89H4,0.0,0.0,7.935508576,5.396628465,5.709724792,4.743519625,4.6253362319999995,5.518336132999999,0.0,0.0,4.302315114,6.013137523999999,4.925693555,4.959702878,5.298159502,0.0,6.55578293,4.549492006,4.468000136000001,6.0361353410000005,1.0
OX2046D6,6.661219578,5.67907627,5.64986138,4.113460304,3.3133850610000004,4.805354732,5.7533617889999995,4.341786232,5.281388253,5.4010989160000005,4.538253344,4.758592308,5.092712853,3.9748324999999998,4.744371745,2.733838833,5.781340413,5.758449432000001,4.737558768,3.8782934360000003,1.0
